"degisken","il","deger","nufus","deger_normalize"
"GSYH","Adana",474523919,2274374,208.639352630658
"GSYH","Adıyaman",94956909.75,620230.6,153.099362962743
"GSYH","Afyonkarahisar",135687236.5,749015.8,181.15403773859
"GSYH","Aksaray",95686136,436247.6,219.339054243508
"GSYH","Amasya",61761848,339549.4,181.893556578218
"GSYH","Ankara",2411583651.25,5821492.2,414.255240477691
"GSYH","Antalya",790580748.25,2700773,292.723878774706
"GSYH","Ardahan",18379545,92395.6,198.922297165666
"GSYH","Artvin",38305956.75,169622.6,225.830501065306
"GSYH","Aydın",233716403.25,1156404.8,202.106047337403
"GSYH","Ağrı",50850611,507559.6,100.186482533283
"GSYH","Balıkesir",307979968,1268466.4,242.797103652095
"GSYH","Bartın",34339522.75,205135.6,167.399138667301
"GSYH","Batman",80685333,645033.8,125.086984589025
"GSYH","Bayburt",13942903.75,84368.4,165.262156802784
"GSYH","Bilecik",67473070.75,228511,295.272747263808
"GSYH","Bingöl",40056309.25,283379.6,141.352127146767
"GSYH","Bitlis",42102550,357248.6,117.852246306913
"GSYH","Bolu",96901946.75,323841.8,299.22618621191
"GSYH","Burdur",59003394.25,275603.8,214.08773844918
"GSYH","Bursa",914128642.5,3211747.6,284.620323994326
"GSYH","Denizli",240886999.5,1057763.2,227.732444747558
"GSYH","Diyarbakır",225072244.5,1820085.2,123.660279474829
"GSYH","Düzce",98223445.5,408787.6,240.279904527437
"GSYH","Edirne",94517629.25,418085.4,226.072542236586
"GSYH","Elazığ",109291504,598723,182.541014793151
"GSYH","Erzincan",54046318.25,240167.4,225.036030077354
"GSYH","Erzurum",121115937.25,747704.4,161.983716091546
"GSYH","Eskişehir",261419622.75,913998,286.017718583629
"GSYH","Gaziantep",444903375.25,2172879,204.752945401009
"GSYH","Giresun",71205758.25,454744.8,156.583996672419
"GSYH","Gümüşhane",21850591.5,144925.2,150.77151178677
"GSYH","Hakkari",43192303,280609.6,153.923112395299
"GSYH","Hatay",316578895.25,1608222.2,196.850220852566
"GSYH","Isparta",92341320.5,446498.4,206.812209181489
"GSYH","Iğdır",29350929.25,205683.8,142.699275538472
"GSYH","Kahramanmaraş",215060587.75,1149147,187.148021750046
"GSYH","Karabük",51272032.25,251335.8,203.998126212024
"GSYH","Karaman",66516179.75,261756.4,254.114817249932
"GSYH","Kars",41235371.25,275106.4,149.888811201775
"GSYH","Kastamonu",81228525,380924.4,213.24054064271
"GSYH","Kayseri",330441740.25,1446602.4,228.426097074082
"GSYH","Kilis",28912638.25,152605.2,189.460373892895
"GSYH","Kocaeli",935374989.25,2101319.4,445.136988336947
"GSYH","Konya",504904306.5,2313407.6,218.251339063639
"GSYH","Kütahya",123313322,575314.2,214.340828020584
"GSYH","Kırklareli",110110467,374298.4,294.17829998739
"GSYH","Kırıkkale",66644443.25,280928.2,237.229453112931
"GSYH","Kırşehir",47816016,244393,195.65215042984
"GSYH","Malatya",138104309.25,774068.4,178.41357333538
"GSYH","Manisa",373092196,1470746,253.675478974616
"GSYH","Mardin",129994389.5,884298.4,147.00285503174
"GSYH","Mersin",490451574.75,1931334.6,253.944383717871
"GSYH","Muğla",297499139.5,1063495.2,279.737171827386
"GSYH","Muş",47932350,397147.4,120.691587053069
"GSYH","Nevşehir",61151779.75,314422,194.489506936538
"GSYH","Niğde",70489408,370684.8,190.159963397474
"GSYH","Ordu",115556489.25,767732,150.516702768674
"GSYH","Osmaniye",98907693.5,559053.4,176.919939132827
"GSYH","Rize",64176601.25,346821.6,185.042111708152
"GSYH","Sakarya",278577236.5,1094699.8,254.478201695113
"GSYH","Samsun",263515732.5,1378417.4,191.172668380419
"GSYH","Siirt",46630215.5,335905,138.819652878046
"GSYH","Sinop",37541562,224345.6,167.338080176299
"GSYH","Sivas",118652808,637970.8,185.984700240199
"GSYH","Tekirdağ",404020457.25,1163702.6,347.185318009945
"GSYH","Tokat",82273891.5,606554,135.64149523373
"GSYH","Trabzon",146336658,820930.4,178.257082451813
"GSYH","Tunceli",20894515.25,85804.6,243.512763301734
"GSYH","Uşak",80768091.25,375070.6,215.341035127787
"GSYH","Van",112612178.5,1125495.2,100.055671938894
"GSYH","Yalova",85285776.5,302326.2,282.098529667624
"GSYH","Yozgat",66051317.5,416802,158.47169039496
"GSYH","Zonguldak",124596739.25,588338.2,211.777408385177
"GSYH","Çanakkale",153028594,566020,270.358987314936
"GSYH","Çankırı",45353037,199662.4,227.148611856814
"GSYH","Çorum",89914299,523937.6,171.612609974928
"GSYH","İstanbul",6943647675,15772086,440.249163934308
"GSYH","İzmir",1407200804.75,4472959.4,314.601738783947
"GSYH","Şanlıurfa",237575641.25,2206127.8,107.688974886224
"GSYH","Şırnak",88280716,563886.2,156.557681319387
"bebek_olum_hizi","Adana",11,2274374,11
"bebek_olum_hizi","Adıyaman",13.65,620230.6,13.65
"bebek_olum_hizi","Afyonkarahisar",7.8,749015.8,7.8
"bebek_olum_hizi","Aksaray",8.975,436247.6,8.975
"bebek_olum_hizi","Amasya",7.775,339549.4,7.775
"bebek_olum_hizi","Ankara",7.475,5821492.2,7.475
"bebek_olum_hizi","Antalya",6.7,2700773,6.7
"bebek_olum_hizi","Ardahan",7.05,92395.6,7.05
"bebek_olum_hizi","Artvin",5.125,169622.6,5.125
"bebek_olum_hizi","Aydın",6.475,1156404.8,6.475
"bebek_olum_hizi","Ağrı",11.825,507559.6,11.825
"bebek_olum_hizi","Balıkesir",6.65,1268466.4,6.65
"bebek_olum_hizi","Bartın",10.125,205135.6,10.125
"bebek_olum_hizi","Batman",10.65,645033.8,10.65
"bebek_olum_hizi","Bayburt",5.9,84368.4,5.9
"bebek_olum_hizi","Bilecik",4.9,228511,4.9
"bebek_olum_hizi","Bingöl",11.775,283379.6,11.775
"bebek_olum_hizi","Bitlis",13.225,357248.6,13.225
"bebek_olum_hizi","Bolu",6.4,323841.8,6.4
"bebek_olum_hizi","Burdur",7.6,275603.8,7.6
"bebek_olum_hizi","Bursa",6.8,3211747.6,6.8
"bebek_olum_hizi","Denizli",7.675,1057763.2,7.675
"bebek_olum_hizi","Diyarbakır",10.675,1820085.2,10.675
"bebek_olum_hizi","Düzce",8.35,408787.6,8.35
"bebek_olum_hizi","Edirne",6.725,418085.4,6.725
"bebek_olum_hizi","Elazığ",10,598723,10
"bebek_olum_hizi","Erzincan",6.35,240167.4,6.35
"bebek_olum_hizi","Erzurum",9.5,747704.4,9.5
"bebek_olum_hizi","Eskişehir",5.4,913998,5.4
"bebek_olum_hizi","Gaziantep",16.7,2172879,16.7
"bebek_olum_hizi","Giresun",6.725,454744.8,6.725
"bebek_olum_hizi","Gümüşhane",9.8,144925.2,9.8
"bebek_olum_hizi","Hakkari",13.475,280609.6,13.475
"bebek_olum_hizi","Hatay",13.075,1608222.2,13.075
"bebek_olum_hizi","Isparta",8.2,446498.4,8.2
"bebek_olum_hizi","Iğdır",11.525,205683.8,11.525
"bebek_olum_hizi","Kahramanmaraş",12.95,1149147,12.95
"bebek_olum_hizi","Karabük",8.5,251335.8,8.5
"bebek_olum_hizi","Karaman",7.55,261756.4,7.55
"bebek_olum_hizi","Kars",11.8,275106.4,11.8
"bebek_olum_hizi","Kastamonu",6.775,380924.4,6.775
"bebek_olum_hizi","Kayseri",10.45,1446602.4,10.45
"bebek_olum_hizi","Kilis",12.925,152605.2,12.925
"bebek_olum_hizi","Kocaeli",7.55,2101319.4,7.55
"bebek_olum_hizi","Konya",8.375,2313407.6,8.375
"bebek_olum_hizi","Kütahya",7.35,575314.2,7.35
"bebek_olum_hizi","Kırklareli",5.875,374298.4,5.875
"bebek_olum_hizi","Kırıkkale",7.25,280928.2,7.25
"bebek_olum_hizi","Kırşehir",10.175,244393,10.175
"bebek_olum_hizi","Malatya",9.275,774068.4,9.275
"bebek_olum_hizi","Manisa",8.6,1470746,8.6
"bebek_olum_hizi","Mardin",12.225,884298.4,12.225
"bebek_olum_hizi","Mersin",8.075,1931334.6,8.075
"bebek_olum_hizi","Muğla",6.9,1063495.2,6.9
"bebek_olum_hizi","Muş",14.025,397147.4,14.025
"bebek_olum_hizi","Nevşehir",11.45,314422,11.45
"bebek_olum_hizi","Niğde",11.425,370684.8,11.425
"bebek_olum_hizi","Ordu",7.025,767732,7.025
"bebek_olum_hizi","Osmaniye",9.875,559053.4,9.875
"bebek_olum_hizi","Rize",6.925,346821.6,6.925
"bebek_olum_hizi","Sakarya",6.7,1094699.8,6.7
"bebek_olum_hizi","Samsun",8.075,1378417.4,8.075
"bebek_olum_hizi","Siirt",13.975,335905,13.975
"bebek_olum_hizi","Sinop",7.875,224345.6,7.875
"bebek_olum_hizi","Sivas",9.6,637970.8,9.6
"bebek_olum_hizi","Tekirdağ",7.275,1163702.6,7.275
"bebek_olum_hizi","Tokat",8.175,606554,8.175
"bebek_olum_hizi","Trabzon",8,820930.4,8
"bebek_olum_hizi","Tunceli",9.275,85804.6,9.275
"bebek_olum_hizi","Uşak",10.475,375070.6,10.475
"bebek_olum_hizi","Van",11.425,1125495.2,11.425
"bebek_olum_hizi","Yalova",7.975,302326.2,7.975
"bebek_olum_hizi","Yozgat",9.25,416802,9.25
"bebek_olum_hizi","Zonguldak",8.025,588338.2,8.025
"bebek_olum_hizi","Çanakkale",5.85,566020,5.85
"bebek_olum_hizi","Çankırı",8.125,199662.4,8.125
"bebek_olum_hizi","Çorum",6.975,523937.6,6.975
"bebek_olum_hizi","İstanbul",6.975,15772086,6.975
"bebek_olum_hizi","İzmir",8.05,4472959.4,8.05
"bebek_olum_hizi","Şanlıurfa",16.75,2206127.8,16.75
"bebek_olum_hizi","Şırnak",12.35,563886.2,12.35
"cocuk_olum_hizi","Adana",12.6,2274374,12.6
"cocuk_olum_hizi","Adıyaman",24.3333333333333,620230.6,24.3333333333333
"cocuk_olum_hizi","Afyonkarahisar",10.3,749015.8,10.3
"cocuk_olum_hizi","Aksaray",11.05,436247.6,11.05
"cocuk_olum_hizi","Amasya",10.2833333333333,339549.4,10.2833333333333
"cocuk_olum_hizi","Ankara",9.08333333333333,5821492.2,9.08333333333333
"cocuk_olum_hizi","Antalya",8.35,2700773,8.35
"cocuk_olum_hizi","Ardahan",10.0333333333333,92395.6,10.0333333333333
"cocuk_olum_hizi","Artvin",6.75,169622.6,6.75
"cocuk_olum_hizi","Aydın",8.35,1156404.8,8.35
"cocuk_olum_hizi","Ağrı",13.9833333333333,507559.6,13.9833333333333
"cocuk_olum_hizi","Balıkesir",8.26666666666667,1268466.4,8.26666666666667
"cocuk_olum_hizi","Bartın",9.78333333333333,205135.6,9.78333333333333
"cocuk_olum_hizi","Batman",13.5166666666667,645033.8,13.5166666666667
"cocuk_olum_hizi","Bayburt",9.33333333333333,84368.4,9.33333333333333
"cocuk_olum_hizi","Bilecik",7.6,228511,7.6
"cocuk_olum_hizi","Bingöl",13.0166666666667,283379.6,13.0166666666667
"cocuk_olum_hizi","Bitlis",15.55,357248.6,15.55
"cocuk_olum_hizi","Bolu",8.25,323841.8,8.25
"cocuk_olum_hizi","Burdur",8.81666666666667,275603.8,8.81666666666667
"cocuk_olum_hizi","Bursa",8.15,3211747.6,8.15
"cocuk_olum_hizi","Denizli",9.2,1057763.2,9.2
"cocuk_olum_hizi","Diyarbakır",12.7166666666667,1820085.2,12.7166666666667
"cocuk_olum_hizi","Düzce",10.5166666666667,408787.6,10.5166666666667
"cocuk_olum_hizi","Edirne",7.81666666666667,418085.4,7.81666666666667
"cocuk_olum_hizi","Elazığ",12.1833333333333,598723,12.1833333333333
"cocuk_olum_hizi","Erzincan",8.15,240167.4,8.15
"cocuk_olum_hizi","Erzurum",11.9666666666667,747704.4,11.9666666666667
"cocuk_olum_hizi","Eskişehir",7.18333333333333,913998,7.18333333333333
"cocuk_olum_hizi","Gaziantep",19.9333333333333,2172879,19.9333333333333
"cocuk_olum_hizi","Giresun",7.63333333333333,454744.8,7.63333333333333
"cocuk_olum_hizi","Gümüşhane",11.5666666666667,144925.2,11.5666666666667
"cocuk_olum_hizi","Hakkari",16.55,280609.6,16.55
"cocuk_olum_hizi","Hatay",22.1166666666667,1608222.2,22.1166666666667
"cocuk_olum_hizi","Isparta",9.46666666666667,446498.4,9.46666666666667
"cocuk_olum_hizi","Iğdır",13.5,205683.8,13.5
"cocuk_olum_hizi","Kahramanmaraş",21.55,1149147,21.55
"cocuk_olum_hizi","Karabük",7.8,251335.8,7.8
"cocuk_olum_hizi","Karaman",8.86666666666667,261756.4,8.86666666666667
"cocuk_olum_hizi","Kars",14,275106.4,14
"cocuk_olum_hizi","Kastamonu",7.95,380924.4,7.95
"cocuk_olum_hizi","Kayseri",12.5666666666667,1446602.4,12.5666666666667
"cocuk_olum_hizi","Kilis",15.3833333333333,152605.2,15.3833333333333
"cocuk_olum_hizi","Kocaeli",9.18333333333333,2101319.4,9.18333333333333
"cocuk_olum_hizi","Konya",10.1,2313407.6,10.1
"cocuk_olum_hizi","Kütahya",8.53333333333333,575314.2,8.53333333333333
"cocuk_olum_hizi","Kırklareli",7.48333333333333,374298.4,7.48333333333333
"cocuk_olum_hizi","Kırıkkale",9.18333333333333,280928.2,9.18333333333333
"cocuk_olum_hizi","Kırşehir",13.15,244393,13.15
"cocuk_olum_hizi","Malatya",12.6833333333333,774068.4,12.6833333333333
"cocuk_olum_hizi","Manisa",10.55,1470746,10.55
"cocuk_olum_hizi","Mardin",15.4666666666667,884298.4,15.4666666666667
"cocuk_olum_hizi","Mersin",10.45,1931334.6,10.45
"cocuk_olum_hizi","Muğla",8.26666666666667,1063495.2,8.26666666666667
"cocuk_olum_hizi","Muş",16.8333333333333,397147.4,16.8333333333333
"cocuk_olum_hizi","Nevşehir",13.9333333333333,314422,13.9333333333333
"cocuk_olum_hizi","Niğde",13.6333333333333,370684.8,13.6333333333333
"cocuk_olum_hizi","Ordu",8.06666666666667,767732,8.06666666666667
"cocuk_olum_hizi","Osmaniye",12.9666666666667,559053.4,12.9666666666667
"cocuk_olum_hizi","Rize",8.93333333333333,346821.6,8.93333333333333
"cocuk_olum_hizi","Sakarya",8.31666666666667,1094699.8,8.31666666666667
"cocuk_olum_hizi","Samsun",10.2333333333333,1378417.4,10.2333333333333
"cocuk_olum_hizi","Siirt",17.0833333333333,335905,17.0833333333333
"cocuk_olum_hizi","Sinop",8.83333333333333,224345.6,8.83333333333333
"cocuk_olum_hizi","Sivas",11.0333333333333,637970.8,11.0333333333333
"cocuk_olum_hizi","Tekirdağ",8.98333333333333,1163702.6,8.98333333333333
"cocuk_olum_hizi","Tokat",9.65,606554,9.65
"cocuk_olum_hizi","Trabzon",9.11666666666667,820930.4,9.11666666666667
"cocuk_olum_hizi","Tunceli",10.3666666666667,85804.6,10.3666666666667
"cocuk_olum_hizi","Uşak",11.1666666666667,375070.6,11.1666666666667
"cocuk_olum_hizi","Van",14.2166666666667,1125495.2,14.2166666666667
"cocuk_olum_hizi","Yalova",9.8,302326.2,9.8
"cocuk_olum_hizi","Yozgat",11.15,416802,11.15
"cocuk_olum_hizi","Zonguldak",9.18333333333333,588338.2,9.18333333333333
"cocuk_olum_hizi","Çanakkale",7.5,566020,7.5
"cocuk_olum_hizi","Çankırı",10.5,199662.4,10.5
"cocuk_olum_hizi","Çorum",9.01666666666667,523937.6,9.01666666666667
"cocuk_olum_hizi","İstanbul",8.6,15772086,8.6
"cocuk_olum_hizi","İzmir",9.23333333333333,4472959.4,9.23333333333333
"cocuk_olum_hizi","Şanlıurfa",20,2206127.8,20
"cocuk_olum_hizi","Şırnak",15.95,563886.2,15.95
"derslik_basina_ogrenci","Adana",27.25,2274374,27.25
"derslik_basina_ogrenci","Adıyaman",20.25,620230.6,20.25
"derslik_basina_ogrenci","Afyonkarahisar",16,749015.8,16
"derslik_basina_ogrenci","Aksaray",17.25,436247.6,17.25
"derslik_basina_ogrenci","Amasya",15.25,339549.4,15.25
"derslik_basina_ogrenci","Ankara",21,5821492.2,21
"derslik_basina_ogrenci","Antalya",22,2700773,22
"derslik_basina_ogrenci","Ardahan",12.25,92395.6,12.25
"derslik_basina_ogrenci","Artvin",15,169622.6,15
"derslik_basina_ogrenci","Aydın",19.75,1156404.8,19.75
"derslik_basina_ogrenci","Ağrı",16.75,507559.6,16.75
"derslik_basina_ogrenci","Balıkesir",18,1268466.4,18
"derslik_basina_ogrenci","Bartın",14,205135.6,14
"derslik_basina_ogrenci","Batman",23.75,645033.8,23.75
"derslik_basina_ogrenci","Bayburt",14.25,84368.4,14.25
"derslik_basina_ogrenci","Bilecik",18,228511,18
"derslik_basina_ogrenci","Bingöl",20.25,283379.6,20.25
"derslik_basina_ogrenci","Bitlis",15.25,357248.6,15.25
"derslik_basina_ogrenci","Bolu",17.5,323841.8,17.5
"derslik_basina_ogrenci","Burdur",16.75,275603.8,16.75
"derslik_basina_ogrenci","Bursa",27,3211747.6,27
"derslik_basina_ogrenci","Denizli",18.25,1057763.2,18.25
"derslik_basina_ogrenci","Diyarbakır",28.75,1820085.2,28.75
"derslik_basina_ogrenci","Düzce",17.75,408787.6,17.75
"derslik_basina_ogrenci","Edirne",16,418085.4,16
"derslik_basina_ogrenci","Elazığ",21.25,598723,21.25
"derslik_basina_ogrenci","Erzincan",15.75,240167.4,15.75
"derslik_basina_ogrenci","Erzurum",16,747704.4,16
"derslik_basina_ogrenci","Eskişehir",23,913998,23
"derslik_basina_ogrenci","Gaziantep",30.75,2172879,30.75
"derslik_basina_ogrenci","Giresun",16.25,454744.8,16.25
"derslik_basina_ogrenci","Gümüşhane",12.5,144925.2,12.5
"derslik_basina_ogrenci","Hakkari",21.5,280609.6,21.5
"derslik_basina_ogrenci","Hatay",23.5,1608222.2,23.5
"derslik_basina_ogrenci","Isparta",16.25,446498.4,16.25
"derslik_basina_ogrenci","Iğdır",17.25,205683.8,17.25
"derslik_basina_ogrenci","Kahramanmaraş",24.75,1149147,24.75
"derslik_basina_ogrenci","Karabük",18.5,251335.8,18.5
"derslik_basina_ogrenci","Karaman",15.5,261756.4,15.5
"derslik_basina_ogrenci","Kars",13.75,275106.4,13.75
"derslik_basina_ogrenci","Kastamonu",16.5,380924.4,16.5
"derslik_basina_ogrenci","Kayseri",23.5,1446602.4,23.5
"derslik_basina_ogrenci","Kilis",26.75,152605.2,26.75
"derslik_basina_ogrenci","Kocaeli",22.75,2101319.4,22.75
"derslik_basina_ogrenci","Konya",22.5,2313407.6,22.5
"derslik_basina_ogrenci","Kütahya",16.25,575314.2,16.25
"derslik_basina_ogrenci","Kırklareli",16.75,374298.4,16.75
"derslik_basina_ogrenci","Kırıkkale",16.5,280928.2,16.5
"derslik_basina_ogrenci","Kırşehir",17,244393,17
"derslik_basina_ogrenci","Malatya",20,774068.4,20
"derslik_basina_ogrenci","Manisa",20.75,1470746,20.75
"derslik_basina_ogrenci","Mardin",24.5,884298.4,24.5
"derslik_basina_ogrenci","Mersin",26.5,1931334.6,26.5
"derslik_basina_ogrenci","Muğla",18.75,1063495.2,18.75
"derslik_basina_ogrenci","Muş",17.75,397147.4,17.75
"derslik_basina_ogrenci","Nevşehir",15.25,314422,15.25
"derslik_basina_ogrenci","Niğde",15.75,370684.8,15.75
"derslik_basina_ogrenci","Ordu",19.25,767732,19.25
"derslik_basina_ogrenci","Osmaniye",22.75,559053.4,22.75
"derslik_basina_ogrenci","Rize",15,346821.6,15
"derslik_basina_ogrenci","Sakarya",21,1094699.8,21
"derslik_basina_ogrenci","Samsun",17.5,1378417.4,17.5
"derslik_basina_ogrenci","Siirt",20.25,335905,20.25
"derslik_basina_ogrenci","Sinop",16.5,224345.6,16.5
"derslik_basina_ogrenci","Sivas",16,637970.8,16
"derslik_basina_ogrenci","Tekirdağ",28.5,1163702.6,28.5
"derslik_basina_ogrenci","Tokat",17.75,606554,17.75
"derslik_basina_ogrenci","Trabzon",18.25,820930.4,18.25
"derslik_basina_ogrenci","Tunceli",14.75,85804.6,14.75
"derslik_basina_ogrenci","Uşak",18.75,375070.6,18.75
"derslik_basina_ogrenci","Van",22.75,1125495.2,22.75
"derslik_basina_ogrenci","Yalova",20.5,302326.2,20.5
"derslik_basina_ogrenci","Yozgat",14.5,416802,14.5
"derslik_basina_ogrenci","Zonguldak",16.75,588338.2,16.75
"derslik_basina_ogrenci","Çanakkale",19.75,566020,19.75
"derslik_basina_ogrenci","Çankırı",16.5,199662.4,16.5
"derslik_basina_ogrenci","Çorum",17.25,523937.6,17.25
"derslik_basina_ogrenci","İstanbul",29.25,15772086,29.25
"derslik_basina_ogrenci","İzmir",25.25,4472959.4,25.25
"derslik_basina_ogrenci","Şanlıurfa",30.75,2206127.8,30.75
"derslik_basina_ogrenci","Şırnak",22,563886.2,22
"girisim_sayisi","Adana",103935,2274374,0.0456982888478324
"girisim_sayisi","Adıyaman",21176.75,620230.6,0.0341433492639673
"girisim_sayisi","Afyonkarahisar",34998,749015.8,0.0467253160747744
"girisim_sayisi","Aksaray",20675.5,436247.6,0.0473939570097348
"girisim_sayisi","Amasya",15986.75,339549.4,0.0470822507711691
"girisim_sayisi","Ankara",336170.75,5821492.2,0.0577464915266914
"girisim_sayisi","Antalya",192508.75,2700773,0.0712791300860902
"girisim_sayisi","Ardahan",3194,92395.6,0.0345687456978471
"girisim_sayisi","Artvin",9597.75,169622.6,0.0565829671282011
"girisim_sayisi","Aydın",69435,1156404.8,0.0600438531559191
"girisim_sayisi","Ağrı",9829,507559.6,0.0193652134645862
"girisim_sayisi","Balıkesir",69125.25,1268466.4,0.0544951368045697
"girisim_sayisi","Bartın",8840.75,205135.6,0.0430971025994513
"girisim_sayisi","Batman",15361.75,645033.8,0.0238154186648824
"girisim_sayisi","Bayburt",3131.75,84368.4,0.0371199406412828
"girisim_sayisi","Bilecik",9396.75,228511,0.0411216527869556
"girisim_sayisi","Bingöl",7783,283379.6,0.0274649269037009
"girisim_sayisi","Bitlis",9961.5,357248.6,0.0278839441218244
"girisim_sayisi","Bolu",14519.5,323841.8,0.044835163342101
"girisim_sayisi","Burdur",16260.75,275603.8,0.0590004564523421
"girisim_sayisi","Bursa",177994.25,3211747.6,0.0554197502942012
"girisim_sayisi","Denizli",66018.25,1057763.2,0.0624130712809824
"girisim_sayisi","Diyarbakır",45413.25,1820085.2,0.0249511671211875
"girisim_sayisi","Düzce",19558.75,408787.6,0.0478457516813132
"girisim_sayisi","Edirne",23772.5,418085.4,0.0568603926374851
"girisim_sayisi","Elazığ",24698.75,598723,0.0412523821533497
"girisim_sayisi","Erzincan",9394.25,240167.4,0.0391154253241697
"girisim_sayisi","Erzurum",23982,747704.4,0.0320741726275785
"girisim_sayisi","Eskişehir",44323,913998,0.0484935415613601
"girisim_sayisi","Gaziantep",92459.25,2172879,0.0425514950441327
"girisim_sayisi","Giresun",19886.5,454744.8,0.0437311212794517
"girisim_sayisi","Gümüşhane",4954.5,144925.2,0.0341866010880095
"girisim_sayisi","Hakkari",5709.75,280609.6,0.0203476645132597
"girisim_sayisi","Hatay",66821.75,1608222.2,0.0415500731180057
"girisim_sayisi","Isparta",22650.25,446498.4,0.0507286252313558
"girisim_sayisi","Iğdır",5560.25,205683.8,0.0270329991958531
"girisim_sayisi","Kahramanmaraş",41706.5,1149147,0.0362934420052439
"girisim_sayisi","Karabük",12273.25,251335.8,0.0488320804278579
"girisim_sayisi","Karaman",12347.75,261756.4,0.0471726765802097
"girisim_sayisi","Kars",7840.75,275106.4,0.0285007909666951
"girisim_sayisi","Kastamonu",18586.5,380924.4,0.0487931463565999
"girisim_sayisi","Kayseri",70838,1446602.4,0.0489685348233903
"girisim_sayisi","Kilis",6208.75,152605.2,0.0406850487401478
"girisim_sayisi","Kocaeli",100619,2101319.4,0.047883724863531
"girisim_sayisi","Konya",120395.5,2313407.6,0.0520424935061163
"girisim_sayisi","Kütahya",25864.5,575314.2,0.0449571729673976
"girisim_sayisi","Kırklareli",19944.75,374298.4,0.053285693981059
"girisim_sayisi","Kırıkkale",11276.5,280928.2,0.0401401496894936
"girisim_sayisi","Kırşehir",10317.75,244393,0.0422178622137295
"girisim_sayisi","Malatya",30431,774068.4,0.0393130632900142
"girisim_sayisi","Manisa",73488.75,1470746,0.049966989541362
"girisim_sayisi","Mardin",23178,884298.4,0.0262106094503846
"girisim_sayisi","Mersin",98108.5,1931334.6,0.0507982925382272
"girisim_sayisi","Muğla",81743.5,1063495.2,0.0768630643560968
"girisim_sayisi","Muş",8388.5,397147.4,0.0211218806921561
"girisim_sayisi","Nevşehir",18710,314422,0.0595060142102016
"girisim_sayisi","Niğde",16413.75,370684.8,0.0442795334472846
"girisim_sayisi","Ordu",33491.75,767732,0.0436242725326025
"girisim_sayisi","Osmaniye",21810.5,559053.4,0.039013267784437
"girisim_sayisi","Rize",16738.75,346821.6,0.0482632857930417
"girisim_sayisi","Sakarya",54763.5,1094699.8,0.0500260436696892
"girisim_sayisi","Samsun",64515,1378417.4,0.046803674997138
"girisim_sayisi","Siirt",6675,335905,0.0198716899123264
"girisim_sayisi","Sinop",10111.25,224345.6,0.0450699723997261
"girisim_sayisi","Sivas",24253.75,637970.8,0.0380170220956821
"girisim_sayisi","Tekirdağ",56786,1163702.6,0.0487976910939273
"girisim_sayisi","Tokat",24283.25,606554,0.0400347701935854
"girisim_sayisi","Trabzon",40587,820930.4,0.0494402448733778
"girisim_sayisi","Tunceli",3434,85804.6,0.0400211643664792
"girisim_sayisi","Uşak",20697.5,375070.6,0.0551829442243674
"girisim_sayisi","Van",26829.25,1125495.2,0.0238377293834749
"girisim_sayisi","Yalova",16325.75,302326.2,0.054000447199085
"girisim_sayisi","Yozgat",17819,416802,0.0427517142432138
"girisim_sayisi","Zonguldak",25585.25,588338.2,0.0434873173287065
"girisim_sayisi","Çanakkale",34539,566020,0.0610208119854422
"girisim_sayisi","Çankırı",7074.25,199662.4,0.0354310576252715
"girisim_sayisi","Çorum",24908,523937.6,0.047540012398423
"girisim_sayisi","İstanbul",1131121,15772086,0.0717166391306768
"girisim_sayisi","İzmir",277025,4472959.4,0.0619332695038546
"girisim_sayisi","Şanlıurfa",59769,2206127.8,0.0270922654616836
"girisim_sayisi","Şırnak",9727.5,563886.2,0.0172508211763296
"hastane_sayisi","Adana",32,2274374,1.40698055816677e-05
"hastane_sayisi","Adıyaman",11.75,620230.6,1.89445667466262e-05
"hastane_sayisi","Afyonkarahisar",22,749015.8,2.93718770685478e-05
"hastane_sayisi","Aksaray",10.5,436247.6,2.40689003217439e-05
"hastane_sayisi","Amasya",7.25,339549.4,2.13518268623063e-05
"hastane_sayisi","Ankara",84.5,5821492.2,1.45151787715184e-05
"hastane_sayisi","Antalya",46.5,2700773,1.72172929750112e-05
"hastane_sayisi","Ardahan",3.75,92395.6,4.05863482676664e-05
"hastane_sayisi","Artvin",8,169622.6,4.71635265583714e-05
"hastane_sayisi","Aydın",24.5,1156404.8,2.11863527373805e-05
"hastane_sayisi","Ağrı",9.75,507559.6,1.92095667188642e-05
"hastane_sayisi","Balıkesir",25,1268466.4,1.97088389570272e-05
"hastane_sayisi","Bartın",3.75,205135.6,1.8280590984695e-05
"hastane_sayisi","Batman",12,645033.8,1.86036762724682e-05
"hastane_sayisi","Bayburt",2,84368.4,2.37055580051299e-05
"hastane_sayisi","Bilecik",8,228511,3.50092555719418e-05
"hastane_sayisi","Bingöl",7.5,283379.6,2.64662664496668e-05
"hastane_sayisi","Bitlis",8,357248.6,2.23933697710782e-05
"hastane_sayisi","Bolu",11,323841.8,3.39672025044327e-05
"hastane_sayisi","Burdur",8,275603.8,2.90271759678205e-05
"hastane_sayisi","Bursa",43,3211747.6,1.33883496947269e-05
"hastane_sayisi","Denizli",23.5,1057763.2,2.22166927342528e-05
"hastane_sayisi","Diyarbakır",28,1820085.2,1.53838952154547e-05
"hastane_sayisi","Düzce",9,408787.6,2.2016323391414e-05
"hastane_sayisi","Edirne",11.5,418085.4,2.75063420057242e-05
"hastane_sayisi","Elazığ",13,598723,2.17128789106148e-05
"hastane_sayisi","Erzincan",10,240167.4,4.16376244236312e-05
"hastane_sayisi","Erzurum",20.5,747704.4,2.74172520584338e-05
"hastane_sayisi","Eskişehir",15,913998,1.64114144669901e-05
"hastane_sayisi","Gaziantep",33.25,2172879,1.53022786818778e-05
"hastane_sayisi","Giresun",18,454744.8,3.95826406371222e-05
"hastane_sayisi","Gümüşhane",6,144925.2,4.14006673787581e-05
"hastane_sayisi","Hakkari",5,280609.6,1.78183497642276e-05
"hastane_sayisi","Hatay",23.25,1608222.2,1.44569575025143e-05
"hastane_sayisi","Isparta",15,446498.4,3.35947452443279e-05
"hastane_sayisi","Iğdır",4,205683.8,1.94473264301807e-05
"hastane_sayisi","Kahramanmaraş",17.5,1149147,1.52286870174138e-05
"hastane_sayisi","Karabük",6,251335.8,2.38724447531947e-05
"hastane_sayisi","Karaman",6,261756.4,2.29220756397933e-05
"hastane_sayisi","Kars",8,275106.4,2.90796579069044e-05
"hastane_sayisi","Kastamonu",20,380924.4,5.25038564082532e-05
"hastane_sayisi","Kayseri",27,1446602.4,1.86644236177128e-05
"hastane_sayisi","Kilis",2,152605.2,1.3105713304658e-05
"hastane_sayisi","Kocaeli",29.25,2101319.4,1.39198258008754e-05
"hastane_sayisi","Konya",46.5,2313407.6,2.01002192609724e-05
"hastane_sayisi","Kütahya",14.25,575314.2,2.4769074012079e-05
"hastane_sayisi","Kırklareli",10,374298.4,2.67166517409639e-05
"hastane_sayisi","Kırıkkale",7,280928.2,2.49173988229021e-05
"hastane_sayisi","Kırşehir",6,244393,2.45506213353083e-05
"hastane_sayisi","Malatya",19.25,774068.4,2.48686033430637e-05
"hastane_sayisi","Manisa",28.5,1470746,1.93779211366205e-05
"hastane_sayisi","Mardin",12,884298.4,1.35700799639579e-05
"hastane_sayisi","Mersin",26.75,1931334.6,1.38505259523648e-05
"hastane_sayisi","Muğla",23,1063495.2,2.16268018887156e-05
"hastane_sayisi","Muş",7,397147.4,1.76256976628828e-05
"hastane_sayisi","Nevşehir",10.25,314422,3.25995000349848e-05
"hastane_sayisi","Niğde",8,370684.8,2.15816780186293e-05
"hastane_sayisi","Ordu",18,767732,2.34456815659631e-05
"hastane_sayisi","Osmaniye",10,559053.4,1.78873789158603e-05
"hastane_sayisi","Rize",11,346821.6,3.17165943528315e-05
"hastane_sayisi","Sakarya",18.5,1094699.8,1.68996102858519e-05
"hastane_sayisi","Samsun",25.5,1378417.4,1.84994762834538e-05
"hastane_sayisi","Siirt",8,335905,2.38162575728257e-05
"hastane_sayisi","Sinop",7,224345.6,3.12018599874479e-05
"hastane_sayisi","Sivas",20,637970.8,3.13493971824416e-05
"hastane_sayisi","Tekirdağ",20,1163702.6,1.71865217109595e-05
"hastane_sayisi","Tokat",15,606554,2.47298674149375e-05
"hastane_sayisi","Trabzon",22,820930.4,2.67988613894674e-05
"hastane_sayisi","Tunceli",6,85804.6,6.9926320966475e-05
"hastane_sayisi","Uşak",7.25,375070.6,1.93296941962393e-05
"hastane_sayisi","Van",15,1125495.2,1.33274668785793e-05
"hastane_sayisi","Yalova",7,302326.2,2.31537987776117e-05
"hastane_sayisi","Yozgat",15.5,416802,3.71879213631413e-05
"hastane_sayisi","Zonguldak",12,588338.2,2.03964318482125e-05
"hastane_sayisi","Çanakkale",14,566020,2.47341083353945e-05
"hastane_sayisi","Çankırı",9,199662.4,4.50760884372821e-05
"hastane_sayisi","Çorum",16,523937.6,3.05379877298365e-05
"hastane_sayisi","İstanbul",232.25,15772086,1.47253825524411e-05
"hastane_sayisi","İzmir",63.5,4472959.4,1.41964177005497e-05
"hastane_sayisi","Şanlıurfa",20,2206127.8,9.06565793695179e-06
"hastane_sayisi","Şırnak",7,563886.2,1.24138522985666e-05
"hastane_yatak_sayisi","Adana",325.166666666667,2274374,325.166666666667
"hastane_yatak_sayisi","Adıyaman",206.166666666667,620230.6,206.166666666667
"hastane_yatak_sayisi","Afyonkarahisar",312.333333333333,749015.8,312.333333333333
"hastane_yatak_sayisi","Aksaray",238,436247.6,238
"hastane_yatak_sayisi","Amasya",256.5,339549.4,256.5
"hastane_yatak_sayisi","Ankara",382.833333333333,5821492.2,382.833333333333
"hastane_yatak_sayisi","Antalya",296.666666666667,2700773,296.666666666667
"hastane_yatak_sayisi","Ardahan",225.666666666667,92395.6,225.666666666667
"hastane_yatak_sayisi","Artvin",211.833333333333,169622.6,211.833333333333
"hastane_yatak_sayisi","Aydın",302.166666666667,1156404.8,302.166666666667
"hastane_yatak_sayisi","Ağrı",175.166666666667,507559.6,175.166666666667
"hastane_yatak_sayisi","Balıkesir",269.166666666667,1268466.4,269.166666666667
"hastane_yatak_sayisi","Bartın",231,205135.6,231
"hastane_yatak_sayisi","Batman",278,645033.8,278
"hastane_yatak_sayisi","Bayburt",286.5,84368.4,286.5
"hastane_yatak_sayisi","Bilecik",246.5,228511,246.5
"hastane_yatak_sayisi","Bingöl",254.833333333333,283379.6,254.833333333333
"hastane_yatak_sayisi","Bitlis",293.333333333333,357248.6,293.333333333333
"hastane_yatak_sayisi","Bolu",454,323841.8,454
"hastane_yatak_sayisi","Burdur",281.166666666667,275603.8,281.166666666667
"hastane_yatak_sayisi","Bursa",265.166666666667,3211747.6,265.166666666667
"hastane_yatak_sayisi","Denizli",308.166666666667,1057763.2,308.166666666667
"hastane_yatak_sayisi","Diyarbakır",272.333333333333,1820085.2,272.333333333333
"hastane_yatak_sayisi","Düzce",217.666666666667,408787.6,217.666666666667
"hastane_yatak_sayisi","Edirne",468.333333333333,418085.4,468.333333333333
"hastane_yatak_sayisi","Elazığ",528.833333333333,598723,528.833333333333
"hastane_yatak_sayisi","Erzincan",274.833333333333,240167.4,274.833333333333
"hastane_yatak_sayisi","Erzurum",484.666666666667,747704.4,484.666666666667
"hastane_yatak_sayisi","Eskişehir",401.666666666667,913998,401.666666666667
"hastane_yatak_sayisi","Gaziantep",341.5,2172879,341.5
"hastane_yatak_sayisi","Giresun",392,454744.8,392
"hastane_yatak_sayisi","Gümüşhane",249.833333333333,144925.2,249.833333333333
"hastane_yatak_sayisi","Hakkari",162.5,280609.6,162.5
"hastane_yatak_sayisi","Hatay",275,1608222.2,275
"hastane_yatak_sayisi","Isparta",474.166666666667,446498.4,474.166666666667
"hastane_yatak_sayisi","Iğdır",156.333333333333,205683.8,156.333333333333
"hastane_yatak_sayisi","Kahramanmaraş",261,1149147,261
"hastane_yatak_sayisi","Karabük",296.666666666667,251335.8,296.666666666667
"hastane_yatak_sayisi","Karaman",238.166666666667,261756.4,238.166666666667
"hastane_yatak_sayisi","Kars",283.666666666667,275106.4,283.666666666667
"hastane_yatak_sayisi","Kastamonu",307.333333333333,380924.4,307.333333333333
"hastane_yatak_sayisi","Kayseri",334.166666666667,1446602.4,334.166666666667
"hastane_yatak_sayisi","Kilis",281.5,152605.2,281.5
"hastane_yatak_sayisi","Kocaeli",246,2101319.4,246
"hastane_yatak_sayisi","Konya",374.666666666667,2313407.6,374.666666666667
"hastane_yatak_sayisi","Kütahya",347.833333333333,575314.2,347.833333333333
"hastane_yatak_sayisi","Kırklareli",269.833333333333,374298.4,269.833333333333
"hastane_yatak_sayisi","Kırıkkale",446.166666666667,280928.2,446.166666666667
"hastane_yatak_sayisi","Kırşehir",227.5,244393,227.5
"hastane_yatak_sayisi","Malatya",415.5,774068.4,415.5
"hastane_yatak_sayisi","Manisa",328.333333333333,1470746,328.333333333333
"hastane_yatak_sayisi","Mardin",179.666666666667,884298.4,179.666666666667
"hastane_yatak_sayisi","Mersin",266.166666666667,1931334.6,266.166666666667
"hastane_yatak_sayisi","Muğla",228,1063495.2,228
"hastane_yatak_sayisi","Muş",189.666666666667,397147.4,189.666666666667
"hastane_yatak_sayisi","Nevşehir",260.833333333333,314422,260.833333333333
"hastane_yatak_sayisi","Niğde",250.666666666667,370684.8,250.666666666667
"hastane_yatak_sayisi","Ordu",297.666666666667,767732,297.666666666667
"hastane_yatak_sayisi","Osmaniye",263.666666666667,559053.4,263.666666666667
"hastane_yatak_sayisi","Rize",324,346821.6,324
"hastane_yatak_sayisi","Sakarya",215.5,1094699.8,215.5
"hastane_yatak_sayisi","Samsun",382.166666666667,1378417.4,382.166666666667
"hastane_yatak_sayisi","Siirt",237.833333333333,335905,237.833333333333
"hastane_yatak_sayisi","Sinop",311,224345.6,311
"hastane_yatak_sayisi","Sivas",442.333333333333,637970.8,442.333333333333
"hastane_yatak_sayisi","Tekirdağ",276.666666666667,1163702.6,276.666666666667
"hastane_yatak_sayisi","Tokat",375,606554,375
"hastane_yatak_sayisi","Trabzon",409,820930.4,409
"hastane_yatak_sayisi","Tunceli",175.833333333333,85804.6,175.833333333333
"hastane_yatak_sayisi","Uşak",318.666666666667,375070.6,318.666666666667
"hastane_yatak_sayisi","Van",268.5,1125495.2,268.5
"hastane_yatak_sayisi","Yalova",252.333333333333,302326.2,252.333333333333
"hastane_yatak_sayisi","Yozgat",299.166666666667,416802,299.166666666667
"hastane_yatak_sayisi","Zonguldak",389.333333333333,588338.2,389.333333333333
"hastane_yatak_sayisi","Çanakkale",316.333333333333,566020,316.333333333333
"hastane_yatak_sayisi","Çankırı",239,199662.4,239
"hastane_yatak_sayisi","Çorum",323,523937.6,323
"hastane_yatak_sayisi","İstanbul",293.166666666667,15772086,293.166666666667
"hastane_yatak_sayisi","İzmir",293.833333333333,4472959.4,293.833333333333
"hastane_yatak_sayisi","Şanlıurfa",193.833333333333,2206127.8,193.833333333333
"hastane_yatak_sayisi","Şırnak",132,563886.2,132
"ihracat","Adana",2870439.4,2274374,1.26207888412372
"ihracat","Adıyaman",61042,620230.6,0.0984182334763877
"ihracat","Afyonkarahisar",369266.8,749015.8,0.493002684322547
"ihracat","Aksaray",172102.6,436247.6,0.394506697572663
"ihracat","Amasya",158648.2,339549.4,0.467231572195386
"ihracat","Ankara",13118858.2,5821492.2,2.2535215627361
"ihracat","Antalya",2223670.6,2700773,0.823345982798258
"ihracat","Ardahan",4772,92395.6,0.0516474810488811
"ihracat","Artvin",66944.4,169622.6,0.394666748416779
"ihracat","Aydın",1171354.2,1156404.8,1.0129274800658
"ihracat","Ağrı",25594.8,507559.6,0.0504271813595881
"ihracat","Balıkesir",1009589.6,1268466.4,0.795913553563579
"ihracat","Bartın",106961.4,205135.6,0.521418027880095
"ihracat","Batman",178185.2,645033.8,0.276241648112083
"ihracat","Bayburt",208.6,84368.4,0.00247248969993505
"ihracat","Bilecik",136380,228511,0.596820284362678
"ihracat","Bingöl",5482.8,283379.6,0.0193478994253644
"ihracat","Bitlis",9570.2,357248.6,0.0267886284228966
"ihracat","Bolu",176573.4,323841.8,0.545245857699655
"ihracat","Burdur",259082.2,275603.8,0.940053076191257
"ihracat","Bursa",11851676.8,3211747.6,3.69010217365773
"ihracat","Denizli",4444660.8,1057763.2,4.2019431192161
"ihracat","Diyarbakır",362426.6,1820085.2,0.199126172774769
"ihracat","Düzce",350994.2,408787.6,0.85862242396785
"ihracat","Edirne",100299.2,418085.4,0.239901225921785
"ihracat","Elazığ",298596.4,598723,0.498722113565038
"ihracat","Erzincan",32082.6,240167.4,0.133584324933359
"ihracat","Erzurum",32908.8,747704.4,0.0440131153434432
"ihracat","Eskişehir",1471966.6,913998,1.61047026361108
"ihracat","Gaziantep",9863648.8,2172879,4.53943767692541
"ihracat","Giresun",448515.8,454744.8,0.986302207303965
"ihracat","Gümüşhane",72689.8,144925.2,0.501567705271409
"ihracat","Hakkari",84121.8,280609.6,0.29978233103928
"ihracat","Hatay",3419467,1608222.2,2.1262403914086
"ihracat","Isparta",296438.8,446498.4,0.663919064435617
"ihracat","Iğdır",80591,205683.8,0.391819871083673
"ihracat","Kahramanmaraş",1229340.6,1149147,1.0697853277257
"ihracat","Karabük",312045,251335.8,1.24154617050177
"ihracat","Karaman",311675,261756.4,1.19070632083876
"ihracat","Kars",2593.4,275106.4,0.00942689810197073
"ihracat","Kastamonu",311286,380924.4,0.817185772294975
"ihracat","Kayseri",3294345,1446602.4,2.2772981712183
"ihracat","Kilis",92823.8,152605.2,0.608261055324458
"ihracat","Kocaeli",13063950.8,2101319.4,6.21702288571647
"ihracat","Konya",3338399.8,2313407.6,1.44306597765132
"ihracat","Kütahya",301727,575314.2,0.524456027680179
"ihracat","Kırklareli",315013,374298.4,0.841609261487626
"ihracat","Kırıkkale",24331,280928.2,0.0866093186800043
"ihracat","Kırşehir",317972.8,244393,1.30107163462129
"ihracat","Malatya",400335.6,774068.4,0.517183752753633
"ihracat","Manisa",3309471.2,1470746,2.25019901464971
"ihracat","Mardin",997163,884298.4,1.12763180392501
"ihracat","Mersin",3003207.2,1931334.6,1.55499062668892
"ihracat","Muğla",1071101.2,1063495.2,1.00715188935502
"ihracat","Muş",110492,397147.4,0.278214083738179
"ihracat","Nevşehir",99150.2,314422,0.315341165694512
"ihracat","Niğde",76449.6,370684.8,0.206238831481625
"ihracat","Ordu",358481,767732,0.466935076302668
"ihracat","Osmaniye",253302.4,559053.4,0.453091600909681
"ihracat","Rize",215435.2,346821.6,0.621170077065558
"ihracat","Sakarya",5721638.4,1094699.8,5.22667346792244
"ihracat","Samsun",1288037.6,1378417.4,0.934432197388106
"ihracat","Siirt",49989,335905,0.148818862475998
"ihracat","Sinop",40885,224345.6,0.182241149369544
"ihracat","Sivas",106692.2,637970.8,0.167236807703425
"ihracat","Tekirdağ",2104264,1163702.6,1.80824894607952
"ihracat","Tokat",37258,606554,0.0614256933430494
"ihracat","Trabzon",1128119.2,820930.4,1.37419591234531
"ihracat","Tunceli",296.8,85804.6,0.00345902201047496
"ihracat","Uşak",357324.8,375070.6,0.952686774169983
"ihracat","Van",23767.8,1125495.2,0.0211176378184465
"ihracat","Yalova",759196.2,302326.2,2.51118229250392
"ihracat","Yozgat",39612.8,416802,0.0950398510563769
"ihracat","Zonguldak",553613.4,588338.2,0.940978165279766
"ihracat","Çanakkale",188706.2,566020,0.333391399597187
"ihracat","Çankırı",366902.4,199662.4,1.83761389225012
"ihracat","Çorum",2582784.8,523937.6,4.92956565820052
"ihracat","İstanbul",115026608.8,15772086,7.29304980964471
"ihracat","İzmir",13819805.8,4472959.4,3.08963363271305
"ihracat","Şanlıurfa",338952,2206127.8,0.153641144452284
"ihracat","Şırnak",754703.8,563886.2,1.338397357481
"isgucune_katilma_orani","Adana",51.675,2274374,51.675
"isgucune_katilma_orani","Adıyaman",49.675,620230.6,49.675
"isgucune_katilma_orani","Afyonkarahisar",53.7,749015.8,53.7
"isgucune_katilma_orani","Aksaray",50.725,436247.6,50.725
"isgucune_katilma_orani","Amasya",53.375,339549.4,53.375
"isgucune_katilma_orani","Ankara",54.3,5821492.2,54.3
"isgucune_katilma_orani","Antalya",59.125,2700773,59.125
"isgucune_katilma_orani","Ardahan",61.525,92395.6,61.525
"isgucune_katilma_orani","Artvin",58.1,169622.6,58.1
"isgucune_katilma_orani","Aydın",53.175,1156404.8,53.175
"isgucune_katilma_orani","Ağrı",48.175,507559.6,48.175
"isgucune_katilma_orani","Balıkesir",52.475,1268466.4,52.475
"isgucune_katilma_orani","Bartın",55.4,205135.6,55.4
"isgucune_katilma_orani","Batman",44.025,645033.8,44.025
"isgucune_katilma_orani","Bayburt",52.75,84368.4,52.75
"isgucune_katilma_orani","Bilecik",55.3,228511,55.3
"isgucune_katilma_orani","Bingöl",46.925,283379.6,46.925
"isgucune_katilma_orani","Bitlis",48.775,357248.6,48.775
"isgucune_katilma_orani","Bolu",57.475,323841.8,57.475
"isgucune_katilma_orani","Burdur",54.725,275603.8,54.725
"isgucune_katilma_orani","Bursa",55.65,3211747.6,55.65
"isgucune_katilma_orani","Denizli",55.925,1057763.2,55.925
"isgucune_katilma_orani","Diyarbakır",42.7,1820085.2,42.7
"isgucune_katilma_orani","Düzce",58.45,408787.6,58.45
"isgucune_katilma_orani","Edirne",56.75,418085.4,56.75
"isgucune_katilma_orani","Elazığ",46.075,598723,46.075
"isgucune_katilma_orani","Erzincan",49.8,240167.4,49.8
"isgucune_katilma_orani","Erzurum",51.425,747704.4,51.425
"isgucune_katilma_orani","Eskişehir",53.375,913998,53.375
"isgucune_katilma_orani","Gaziantep",50.05,2172879,50.05
"isgucune_katilma_orani","Giresun",56.925,454744.8,56.925
"isgucune_katilma_orani","Gümüşhane",50.975,144925.2,50.975
"isgucune_katilma_orani","Hakkari",44.9,280609.6,44.9
"isgucune_katilma_orani","Hatay",49.025,1608222.2,49.025
"isgucune_katilma_orani","Isparta",53.875,446498.4,53.875
"isgucune_katilma_orani","Iğdır",53.325,205683.8,53.325
"isgucune_katilma_orani","Kahramanmaraş",49,1149147,49
"isgucune_katilma_orani","Karabük",49.525,251335.8,49.525
"isgucune_katilma_orani","Karaman",53.95,261756.4,53.95
"isgucune_katilma_orani","Kars",56.525,275106.4,56.525
"isgucune_katilma_orani","Kastamonu",56.5,380924.4,56.5
"isgucune_katilma_orani","Kayseri",50,1446602.4,50
"isgucune_katilma_orani","Kilis",51.95,152605.2,51.95
"isgucune_katilma_orani","Kocaeli",58.25,2101319.4,58.25
"isgucune_katilma_orani","Konya",52.025,2313407.6,52.025
"isgucune_katilma_orani","Kütahya",52.05,575314.2,52.05
"isgucune_katilma_orani","Kırklareli",54.1,374298.4,54.1
"isgucune_katilma_orani","Kırıkkale",46.775,280928.2,46.775
"isgucune_katilma_orani","Kırşehir",46.225,244393,46.225
"isgucune_katilma_orani","Malatya",49.575,774068.4,49.575
"isgucune_katilma_orani","Manisa",56.175,1470746,56.175
"isgucune_katilma_orani","Mardin",43.1,884298.4,43.1
"isgucune_katilma_orani","Mersin",51.525,1931334.6,51.525
"isgucune_katilma_orani","Muğla",55.35,1063495.2,55.35
"isgucune_katilma_orani","Muş",48.175,397147.4,48.175
"isgucune_katilma_orani","Nevşehir",53.025,314422,53.025
"isgucune_katilma_orani","Niğde",50.975,370684.8,50.975
"isgucune_katilma_orani","Ordu",55.375,767732,55.375
"isgucune_katilma_orani","Osmaniye",48.175,559053.4,48.175
"isgucune_katilma_orani","Rize",57.35,346821.6,57.35
"isgucune_katilma_orani","Sakarya",57.825,1094699.8,57.825
"isgucune_katilma_orani","Samsun",54.65,1378417.4,54.65
"isgucune_katilma_orani","Siirt",39.5,335905,39.5
"isgucune_katilma_orani","Sinop",51.65,224345.6,51.65
"isgucune_katilma_orani","Sivas",51.125,637970.8,51.125
"isgucune_katilma_orani","Tekirdağ",59.525,1163702.6,59.525
"isgucune_katilma_orani","Tokat",53.325,606554,53.325
"isgucune_katilma_orani","Trabzon",54.5,820930.4,54.5
"isgucune_katilma_orani","Tunceli",48.7,85804.6,48.7
"isgucune_katilma_orani","Uşak",53.925,375070.6,53.925
"isgucune_katilma_orani","Van",45.825,1125495.2,45.825
"isgucune_katilma_orani","Yalova",52.3,302326.2,52.3
"isgucune_katilma_orani","Yozgat",52.075,416802,52.075
"isgucune_katilma_orani","Zonguldak",51.15,588338.2,51.15
"isgucune_katilma_orani","Çanakkale",53.5,566020,53.5
"isgucune_katilma_orani","Çankırı",50.725,199662.4,50.725
"isgucune_katilma_orani","Çorum",49.525,523937.6,49.525
"isgucune_katilma_orani","İstanbul",57.025,15772086,57.025
"isgucune_katilma_orani","İzmir",55.125,4472959.4,55.125
"isgucune_katilma_orani","Şanlıurfa",45.4,2206127.8,45.4
"isgucune_katilma_orani","Şırnak",42.4,563886.2,42.4
"issizlik_orani","Adana",13.075,2274374,13.075
"issizlik_orani","Adıyaman",12.775,620230.6,12.775
"issizlik_orani","Afyonkarahisar",6.925,749015.8,6.925
"issizlik_orani","Aksaray",7.1,436247.6,7.1
"issizlik_orani","Amasya",7.35,339549.4,7.35
"issizlik_orani","Ankara",10.375,5821492.2,10.375
"issizlik_orani","Antalya",7.2,2700773,7.2
"issizlik_orani","Ardahan",5.1,92395.6,5.1
"issizlik_orani","Artvin",8.5,169622.6,8.5
"issizlik_orani","Aydın",9.625,1156404.8,9.625
"issizlik_orani","Ağrı",13.275,507559.6,13.275
"issizlik_orani","Balıkesir",6.175,1268466.4,6.175
"issizlik_orani","Bartın",7.85,205135.6,7.85
"issizlik_orani","Batman",13.1,645033.8,13.1
"issizlik_orani","Bayburt",7.35,84368.4,7.35
"issizlik_orani","Bilecik",7.2,228511,7.2
"issizlik_orani","Bingöl",8.6,283379.6,8.6
"issizlik_orani","Bitlis",10.925,357248.6,10.925
"issizlik_orani","Bolu",7.925,323841.8,7.925
"issizlik_orani","Burdur",5.1,275603.8,5.1
"issizlik_orani","Bursa",8.8,3211747.6,8.8
"issizlik_orani","Denizli",6.975,1057763.2,6.975
"issizlik_orani","Diyarbakır",11.35,1820085.2,11.35
"issizlik_orani","Düzce",8.45,408787.6,8.45
"issizlik_orani","Edirne",7.2,418085.4,7.2
"issizlik_orani","Elazığ",7.625,598723,7.625
"issizlik_orani","Erzincan",9.125,240167.4,9.125
"issizlik_orani","Erzurum",7.075,747704.4,7.075
"issizlik_orani","Eskişehir",8.2,913998,8.2
"issizlik_orani","Gaziantep",9.575,2172879,9.575
"issizlik_orani","Giresun",7.325,454744.8,7.325
"issizlik_orani","Gümüşhane",11.025,144925.2,11.025
"issizlik_orani","Hakkari",20.8,280609.6,20.8
"issizlik_orani","Hatay",12.925,1608222.2,12.925
"issizlik_orani","Isparta",7.225,446498.4,7.225
"issizlik_orani","Iğdır",12.85,205683.8,12.85
"issizlik_orani","Kahramanmaraş",12.825,1149147,12.825
"issizlik_orani","Karabük",11.05,251335.8,11.05
"issizlik_orani","Karaman",7.375,261756.4,7.375
"issizlik_orani","Kars",7.45,275106.4,7.45
"issizlik_orani","Kastamonu",4.575,380924.4,4.575
"issizlik_orani","Kayseri",8.55,1446602.4,8.55
"issizlik_orani","Kilis",10.125,152605.2,10.125
"issizlik_orani","Kocaeli",9.25,2101319.4,9.25
"issizlik_orani","Konya",6.95,2313407.6,6.95
"issizlik_orani","Kütahya",6.8,575314.2,6.8
"issizlik_orani","Kırklareli",7.7,374298.4,7.7
"issizlik_orani","Kırıkkale",11.575,280928.2,11.575
"issizlik_orani","Kırşehir",10.225,244393,10.225
"issizlik_orani","Malatya",6.75,774068.4,6.75
"issizlik_orani","Manisa",6.325,1470746,6.325
"issizlik_orani","Mardin",12.625,884298.4,12.625
"issizlik_orani","Mersin",7.5,1931334.6,7.5
"issizlik_orani","Muğla",7.15,1063495.2,7.15
"issizlik_orani","Muş",12.4,397147.4,12.4
"issizlik_orani","Nevşehir",6.65,314422,6.65
"issizlik_orani","Niğde",8.725,370684.8,8.725
"issizlik_orani","Ordu",7.2,767732,7.2
"issizlik_orani","Osmaniye",13.375,559053.4,13.375
"issizlik_orani","Rize",8.4,346821.6,8.4
"issizlik_orani","Sakarya",8.5,1094699.8,8.5
"issizlik_orani","Samsun",8.125,1378417.4,8.125
"issizlik_orani","Siirt",11.65,335905,11.65
"issizlik_orani","Sinop",5.85,224345.6,5.85
"issizlik_orani","Sivas",9.2,637970.8,9.2
"issizlik_orani","Tekirdağ",7.425,1163702.6,7.425
"issizlik_orani","Tokat",6.475,606554,6.475
"issizlik_orani","Trabzon",8.35,820930.4,8.35
"issizlik_orani","Tunceli",6.525,85804.6,6.525
"issizlik_orani","Uşak",8.2,375070.6,8.2
"issizlik_orani","Van",17.55,1125495.2,17.55
"issizlik_orani","Yalova",10.425,302326.2,10.425
"issizlik_orani","Yozgat",7.4,416802,7.4
"issizlik_orani","Zonguldak",10.9,588338.2,10.9
"issizlik_orani","Çanakkale",6.2,566020,6.2
"issizlik_orani","Çankırı",6.075,199662.4,6.075
"issizlik_orani","Çorum",7.375,523937.6,7.375
"issizlik_orani","İstanbul",9.225,15772086,9.225
"issizlik_orani","İzmir",11.5,4472959.4,11.5
"issizlik_orani","Şanlıurfa",8.95,2206127.8,8.95
"issizlik_orani","Şırnak",13.1,563886.2,13.1
"istihdam_orani","Adana",44.9,2274374,44.9
"istihdam_orani","Adıyaman",43.3,620230.6,43.3
"istihdam_orani","Afyonkarahisar",49.975,749015.8,49.975
"istihdam_orani","Aksaray",47.1,436247.6,47.1
"istihdam_orani","Amasya",49.45,339549.4,49.45
"istihdam_orani","Ankara",48.65,5821492.2,48.65
"istihdam_orani","Antalya",54.875,2700773,54.875
"istihdam_orani","Ardahan",58.4,92395.6,58.4
"istihdam_orani","Artvin",53.2,169622.6,53.2
"istihdam_orani","Aydın",48.075,1156404.8,48.075
"istihdam_orani","Ağrı",41.75,507559.6,41.75
"istihdam_orani","Balıkesir",49.25,1268466.4,49.25
"istihdam_orani","Bartın",51.05,205135.6,51.05
"istihdam_orani","Batman",38.25,645033.8,38.25
"istihdam_orani","Bayburt",48.85,84368.4,48.85
"istihdam_orani","Bilecik",51.375,228511,51.375
"istihdam_orani","Bingöl",42.9,283379.6,42.9
"istihdam_orani","Bitlis",43.35,357248.6,43.35
"istihdam_orani","Bolu",52.975,323841.8,52.975
"istihdam_orani","Burdur",51.95,275603.8,51.95
"istihdam_orani","Bursa",50.75,3211747.6,50.75
"istihdam_orani","Denizli",52.05,1057763.2,52.05
"istihdam_orani","Diyarbakır",37.875,1820085.2,37.875
"istihdam_orani","Düzce",53.5,408787.6,53.5
"istihdam_orani","Edirne",52.7,418085.4,52.7
"istihdam_orani","Elazığ",42.525,598723,42.525
"istihdam_orani","Erzincan",45.225,240167.4,45.225
"istihdam_orani","Erzurum",47.8,747704.4,47.8
"istihdam_orani","Eskişehir",49,913998,49
"istihdam_orani","Gaziantep",45.225,2172879,45.225
"istihdam_orani","Giresun",52.75,454744.8,52.75
"istihdam_orani","Gümüşhane",45.3,144925.2,45.3
"istihdam_orani","Hakkari",35.375,280609.6,35.375
"istihdam_orani","Hatay",42.725,1608222.2,42.725
"istihdam_orani","Isparta",49.975,446498.4,49.975
"istihdam_orani","Iğdır",46.475,205683.8,46.475
"istihdam_orani","Kahramanmaraş",42.75,1149147,42.75
"istihdam_orani","Karabük",44.075,251335.8,44.075
"istihdam_orani","Karaman",49.975,261756.4,49.975
"istihdam_orani","Kars",52.3,275106.4,52.3
"istihdam_orani","Kastamonu",53.9,380924.4,53.9
"istihdam_orani","Kayseri",45.75,1446602.4,45.75
"istihdam_orani","Kilis",46.675,152605.2,46.675
"istihdam_orani","Kocaeli",52.9,2101319.4,52.9
"istihdam_orani","Konya",48.425,2313407.6,48.425
"istihdam_orani","Kütahya",48.525,575314.2,48.525
"istihdam_orani","Kırklareli",49.925,374298.4,49.925
"istihdam_orani","Kırıkkale",41.35,280928.2,41.35
"istihdam_orani","Kırşehir",41.525,244393,41.525
"istihdam_orani","Malatya",46.225,774068.4,46.225
"istihdam_orani","Manisa",52.625,1470746,52.625
"istihdam_orani","Mardin",37.65,884298.4,37.65
"istihdam_orani","Mersin",47.65,1931334.6,47.65
"istihdam_orani","Muğla",51.375,1063495.2,51.375
"istihdam_orani","Muş",42.2,397147.4,42.2
"istihdam_orani","Nevşehir",49.5,314422,49.5
"istihdam_orani","Niğde",46.5,370684.8,46.5
"istihdam_orani","Ordu",51.35,767732,51.35
"istihdam_orani","Osmaniye",41.775,559053.4,41.775
"istihdam_orani","Rize",52.55,346821.6,52.55
"istihdam_orani","Sakarya",52.925,1094699.8,52.925
"istihdam_orani","Samsun",50.225,1378417.4,50.225
"istihdam_orani","Siirt",34.95,335905,34.95
"istihdam_orani","Sinop",48.65,224345.6,48.65
"istihdam_orani","Sivas",46.425,637970.8,46.425
"istihdam_orani","Tekirdağ",55.1,1163702.6,55.1
"istihdam_orani","Tokat",49.875,606554,49.875
"istihdam_orani","Trabzon",49.975,820930.4,49.975
"istihdam_orani","Tunceli",45.55,85804.6,45.55
"istihdam_orani","Uşak",49.5,375070.6,49.5
"istihdam_orani","Van",37.725,1125495.2,37.725
"istihdam_orani","Yalova",46.85,302326.2,46.85
"istihdam_orani","Yozgat",48.25,416802,48.25
"istihdam_orani","Zonguldak",45.575,588338.2,45.575
"istihdam_orani","Çanakkale",50.225,566020,50.225
"istihdam_orani","Çankırı",47.675,199662.4,47.675
"istihdam_orani","Çorum",45.9,523937.6,45.9
"istihdam_orani","İstanbul",51.725,15772086,51.725
"istihdam_orani","İzmir",48.8,4472959.4,48.8
"istihdam_orani","Şanlıurfa",41.35,2206127.8,41.35
"istihdam_orani","Şırnak",36.925,563886.2,36.925
"kutuphane_sayisi","Adana",22.25,2274374,9.78291169350336e-06
"kutuphane_sayisi","Adıyaman",12.25,620230.6,1.97507185230784e-05
"kutuphane_sayisi","Afyonkarahisar",17.5,749015.8,2.33639931227085e-05
"kutuphane_sayisi","Aksaray",7.25,436247.6,1.66190026031089e-05
"kutuphane_sayisi","Amasya",7.5,339549.4,2.208809675411e-05
"kutuphane_sayisi","Ankara",71.75,5821492.2,1.2325018661023e-05
"kutuphane_sayisi","Antalya",18.5,2700773,6.84989075349909e-06
"kutuphane_sayisi","Ardahan",6,92395.6,6.49381572282663e-05
"kutuphane_sayisi","Artvin",9,169622.6,5.30589673781678e-05
"kutuphane_sayisi","Aydın",21.25,1156404.8,1.83759181905852e-05
"kutuphane_sayisi","Ağrı",9,507559.6,1.773190774049e-05
"kutuphane_sayisi","Balıkesir",25,1268466.4,1.97088389570272e-05
"kutuphane_sayisi","Bartın",4,205135.6,1.94992970503413e-05
"kutuphane_sayisi","Batman",10.75,645033.8,1.66657933274194e-05
"kutuphane_sayisi","Bayburt",3.25,84368.4,3.85215317583361e-05
"kutuphane_sayisi","Bilecik",6.5,228511,2.84450201522027e-05
"kutuphane_sayisi","Bingöl",7,283379.6,2.47018486863557e-05
"kutuphane_sayisi","Bitlis",8,357248.6,2.23933697710782e-05
"kutuphane_sayisi","Bolu",9,323841.8,2.77913475036268e-05
"kutuphane_sayisi","Burdur",13.25,275603.8,4.80762601967027e-05
"kutuphane_sayisi","Bursa",18.5,3211747.6,5.76010393842903e-06
"kutuphane_sayisi","Denizli",25.5,1057763.2,2.41074750946147e-05
"kutuphane_sayisi","Diyarbakır",17.5,1820085.2,9.61493450965922e-06
"kutuphane_sayisi","Düzce",9,408787.6,2.2016323391414e-05
"kutuphane_sayisi","Edirne",10.25,418085.4,2.45165222224933e-05
"kutuphane_sayisi","Elazığ",11.75,598723,1.96251020922864e-05
"kutuphane_sayisi","Erzincan",13.75,240167.4,5.72517335824929e-05
"kutuphane_sayisi","Erzurum",22.75,747704.4,3.04264626502131e-05
"kutuphane_sayisi","Eskişehir",12,913998,1.31291315735921e-05
"kutuphane_sayisi","Gaziantep",13.5,2172879,6.21295525429626e-06
"kutuphane_sayisi","Giresun",17.25,454744.8,3.79333639439088e-05
"kutuphane_sayisi","Gümüşhane",9,144925.2,6.21010010681372e-05
"kutuphane_sayisi","Hakkari",4,280609.6,1.42546798113821e-05
"kutuphane_sayisi","Hatay",23,1608222.2,1.43015063465733e-05
"kutuphane_sayisi","Isparta",30,446498.4,6.71894904886557e-05
"kutuphane_sayisi","Iğdır",3.75,205683.8,1.82318685282944e-05
"kutuphane_sayisi","Kahramanmaraş",14.5,1149147,1.26180549572857e-05
"kutuphane_sayisi","Karabük",7.25,251335.8,2.88458707434436e-05
"kutuphane_sayisi","Karaman",7.25,261756.4,2.76975080647503e-05
"kutuphane_sayisi","Kars",8.5,275106.4,3.08971365260859e-05
"kutuphane_sayisi","Kastamonu",18.75,380924.4,4.92223653827374e-05
"kutuphane_sayisi","Kayseri",27,1446602.4,1.86644236177128e-05
"kutuphane_sayisi","Kilis",3.5,152605.2,2.29349982831516e-05
"kutuphane_sayisi","Kocaeli",14.25,2101319.4,6.78145359529827e-06
"kutuphane_sayisi","Konya",39.25,2313407.6,1.696631410738e-05
"kutuphane_sayisi","Kütahya",18.75,575314.2,3.25908868579986e-05
"kutuphane_sayisi","Kırklareli",11.75,374298.4,3.13920657956326e-05
"kutuphane_sayisi","Kırıkkale",13.25,280928.2,4.71650763433504e-05
"kutuphane_sayisi","Kırşehir",10,244393,4.09177022255138e-05
"kutuphane_sayisi","Malatya",20.5,774068.4,2.648344771599e-05
"kutuphane_sayisi","Manisa",21.25,1470746,1.44484499702872e-05
"kutuphane_sayisi","Mardin",9.75,884298.4,1.10256899707158e-05
"kutuphane_sayisi","Mersin",23.25,1931334.6,1.20383076034572e-05
"kutuphane_sayisi","Muğla",14,1063495.2,1.31641402800878e-05
"kutuphane_sayisi","Muş",8,397147.4,2.01436544718661e-05
"kutuphane_sayisi","Nevşehir",31.75,314422,0.000100978939132758
"kutuphane_sayisi","Niğde",15.25,370684.8,4.11400737230121e-05
"kutuphane_sayisi","Ordu",25,767732,3.25634466193932e-05
"kutuphane_sayisi","Osmaniye",8,559053.4,1.43099031326882e-05
"kutuphane_sayisi","Rize",16,346821.6,4.61332281495732e-05
"kutuphane_sayisi","Sakarya",15.5,1094699.8,1.41591329422002e-05
"kutuphane_sayisi","Samsun",18.5,1378417.4,1.34211886762312e-05
"kutuphane_sayisi","Siirt",7.25,335905,2.15834834253732e-05
"kutuphane_sayisi","Sinop",10,224345.6,4.45740856963542e-05
"kutuphane_sayisi","Sivas",24.75,637970.8,3.87948790132715e-05
"kutuphane_sayisi","Tekirdağ",10,1163702.6,8.59326085547974e-06
"kutuphane_sayisi","Tokat",14.25,606554,2.34933740441906e-05
"kutuphane_sayisi","Trabzon",18.5,820930.4,2.25354061684157e-05
"kutuphane_sayisi","Tunceli",7,85804.6,8.15807077942208e-05
"kutuphane_sayisi","Uşak",9.75,375070.6,2.5995105988046e-05
"kutuphane_sayisi","Van",15.25,1125495.2,1.35495913265556e-05
"kutuphane_sayisi","Yalova",3.25,302326.2,1.07499780038912e-05
"kutuphane_sayisi","Yozgat",18.25,416802,4.37857783791824e-05
"kutuphane_sayisi","Zonguldak",8,588338.2,1.35976212321417e-05
"kutuphane_sayisi","Çanakkale",13,566020,2.29673863114378e-05
"kutuphane_sayisi","Çankırı",13,199662.4,6.51099055205186e-05
"kutuphane_sayisi","Çorum",19.5,523937.6,3.72181725457383e-05
"kutuphane_sayisi","İstanbul",72.25,15772086,4.5808778876808e-06
"kutuphane_sayisi","İzmir",42,4472959.4,9.38975658933993e-06
"kutuphane_sayisi","Şanlıurfa",12,2206127.8,5.43939476217108e-06
"kutuphane_sayisi","Şırnak",7,563886.2,1.24138522985666e-05
"muze_sayisi","Adana",3.25,2274374,1.42896462938813e-06
"muze_sayisi","Adıyaman",1,620230.6,1.61230355290436e-06
"muze_sayisi","Afyonkarahisar",1,749015.8,1.33508532129763e-06
"muze_sayisi","Aksaray",1,436247.6,2.29227622111847e-06
"muze_sayisi","Amasya",2,339549.4,5.89015913442933e-06
"muze_sayisi","Ankara",7.25,5821492.2,1.24538516086992e-06
"muze_sayisi","Antalya",10.5,2700773,3.88777583306705e-06
"muze_sayisi","Ardahan",0,92395.6,0
"muze_sayisi","Artvin",0.75,169622.6,4.42158061484731e-06
"muze_sayisi","Aydın",5.25,1156404.8,4.53993272943869e-06
"muze_sayisi","Ağrı",0.75,507559.6,1.47765897837417e-06
"muze_sayisi","Balıkesir",3,1268466.4,2.36506067484326e-06
"muze_sayisi","Bartın",1,205135.6,4.87482426258533e-06
"muze_sayisi","Batman",2,645033.8,3.10061271207803e-06
"muze_sayisi","Bayburt",1,84368.4,1.18527790025649e-05
"muze_sayisi","Bilecik",2,228511,8.75231389298546e-06
"muze_sayisi","Bingöl",0.5,283379.6,1.76441776331112e-06
"muze_sayisi","Bitlis",2,357248.6,5.59834244276955e-06
"muze_sayisi","Bolu",1.5,323841.8,4.63189125060446e-06
"muze_sayisi","Burdur",2,275603.8,7.25679399195512e-06
"muze_sayisi","Bursa",8,3211747.6,2.4908557571585e-06
"muze_sayisi","Denizli",2.25,1057763.2,2.12713015540718e-06
"muze_sayisi","Diyarbakır",5,1820085.2,2.74712414561692e-06
"muze_sayisi","Düzce",1,408787.6,2.44625815460156e-06
"muze_sayisi","Edirne",3,418085.4,7.17556747975414e-06
"muze_sayisi","Elazığ",1,598723,1.67022145466267e-06
"muze_sayisi","Erzincan",1,240167.4,4.16376244236312e-06
"muze_sayisi","Erzurum",3.75,747704.4,5.01535098629886e-06
"muze_sayisi","Eskişehir",1,913998,1.09409429779934e-06
"muze_sayisi","Gaziantep",2.75,2172879,1.26560199624553e-06
"muze_sayisi","Giresun",1,454744.8,2.19903559095123e-06
"muze_sayisi","Gümüşhane",1,144925.2,6.90011122979302e-06
"muze_sayisi","Hakkari",0,280609.6,0
"muze_sayisi","Hatay",3.75,1608222.2,2.3317673391152e-06
"muze_sayisi","Isparta",3,446498.4,6.71894904886557e-06
"muze_sayisi","Iğdır",1,205683.8,4.86183160754517e-06
"muze_sayisi","Kahramanmaraş",2,1149147,1.74042137341872e-06
"muze_sayisi","Karabük",0.75,251335.8,2.98405559414934e-06
"muze_sayisi","Karaman",1.75,261756.4,6.68560539493972e-06
"muze_sayisi","Kars",2,275106.4,7.2699144767261e-06
"muze_sayisi","Kastamonu",2,380924.4,5.25038564082532e-06
"muze_sayisi","Kayseri",3,1446602.4,2.07382484641253e-06
"muze_sayisi","Kilis",1.25,152605.2,8.19107081541127e-06
"muze_sayisi","Kocaeli",3.5,2101319.4,1.66562018130133e-06
"muze_sayisi","Konya",9.75,2313407.6,4.21456210310712e-06
"muze_sayisi","Kütahya",3,575314.2,5.21454189727978e-06
"muze_sayisi","Kırklareli",1,374298.4,2.67166517409639e-06
"muze_sayisi","Kırıkkale",0,280928.2,0
"muze_sayisi","Kırşehir",2.25,244393,9.20648300074061e-06
"muze_sayisi","Malatya",3,774068.4,3.87562649502292e-06
"muze_sayisi","Manisa",2,1470746,1.35985411485056e-06
"muze_sayisi","Mardin",1.25,884298.4,1.41354999624561e-06
"muze_sayisi","Mersin",8,1931334.6,4.14221336893151e-06
"muze_sayisi","Muğla",8,1063495.2,7.52236587433587e-06
"muze_sayisi","Muş",2,397147.4,5.03591361796653e-06
"muze_sayisi","Nevşehir",5,314422,1.5902195139017e-05
"muze_sayisi","Niğde",1,370684.8,2.69770975232866e-06
"muze_sayisi","Ordu",1,767732,1.30253786477573e-06
"muze_sayisi","Osmaniye",1.5,559053.4,2.68310683737904e-06
"muze_sayisi","Rize",2,346821.6,5.76665351869664e-06
"muze_sayisi","Sakarya",1,1094699.8,9.13492447883886e-07
"muze_sayisi","Samsun",3,1378417.4,2.17640897452397e-06
"muze_sayisi","Siirt",0.75,335905,2.2327741474524e-06
"muze_sayisi","Sinop",3.25,224345.6,1.44865778513151e-05
"muze_sayisi","Sivas",3,637970.8,4.70240957736624e-06
"muze_sayisi","Tekirdağ",2,1163702.6,1.71865217109595e-06
"muze_sayisi","Tokat",3,606554,4.9459734829875e-06
"muze_sayisi","Trabzon",1.5,820930.4,1.82719509473641e-06
"muze_sayisi","Tunceli",1,85804.6,1.16543868277458e-05
"muze_sayisi","Uşak",2,375070.6,5.33232943344533e-06
"muze_sayisi","Van",2,1125495.2,1.77699558381058e-06
"muze_sayisi","Yalova",1,302326.2,3.30768553965882e-06
"muze_sayisi","Yozgat",1,416802,2.39922073310589e-06
"muze_sayisi","Zonguldak",2,588338.2,3.39940530803541e-06
"muze_sayisi","Çanakkale",1,566020,1.76672202395675e-06
"muze_sayisi","Çankırı",1,199662.4,5.00845427080913e-06
"muze_sayisi","Çorum",3,523937.6,5.72587269934435e-06
"muze_sayisi","İstanbul",15.5,15772086,9.8274888939865e-07
"muze_sayisi","İzmir",10,4472959.4,2.23565633079522e-06
"muze_sayisi","Şanlıurfa",1.5,2206127.8,6.79924345271385e-07
"muze_sayisi","Şırnak",0.75,563886.2,1.33005560341785e-06
"ogretmen_basina_ogrenci","Adana",19.25,2274374,19.25
"ogretmen_basina_ogrenci","Adıyaman",16.75,620230.6,16.75
"ogretmen_basina_ogrenci","Afyonkarahisar",14,749015.8,14
"ogretmen_basina_ogrenci","Aksaray",16,436247.6,16
"ogretmen_basina_ogrenci","Amasya",13.5,339549.4,13.5
"ogretmen_basina_ogrenci","Ankara",16.75,5821492.2,16.75
"ogretmen_basina_ogrenci","Antalya",17,2700773,17
"ogretmen_basina_ogrenci","Ardahan",13.25,92395.6,13.25
"ogretmen_basina_ogrenci","Artvin",14.25,169622.6,14.25
"ogretmen_basina_ogrenci","Aydın",14.5,1156404.8,14.5
"ogretmen_basina_ogrenci","Ağrı",16.75,507559.6,16.75
"ogretmen_basina_ogrenci","Balıkesir",14.5,1268466.4,14.5
"ogretmen_basina_ogrenci","Bartın",14.25,205135.6,14.25
"ogretmen_basina_ogrenci","Batman",19.5,645033.8,19.5
"ogretmen_basina_ogrenci","Bayburt",13.5,84368.4,13.5
"ogretmen_basina_ogrenci","Bilecik",17,228511,17
"ogretmen_basina_ogrenci","Bingöl",16.5,283379.6,16.5
"ogretmen_basina_ogrenci","Bitlis",15.75,357248.6,15.75
"ogretmen_basina_ogrenci","Bolu",16,323841.8,16
"ogretmen_basina_ogrenci","Burdur",13.5,275603.8,13.5
"ogretmen_basina_ogrenci","Bursa",19.5,3211747.6,19.5
"ogretmen_basina_ogrenci","Denizli",16,1057763.2,16
"ogretmen_basina_ogrenci","Diyarbakır",19.5,1820085.2,19.5
"ogretmen_basina_ogrenci","Düzce",15.5,408787.6,15.5
"ogretmen_basina_ogrenci","Edirne",13.5,418085.4,13.5
"ogretmen_basina_ogrenci","Elazığ",17,598723,17
"ogretmen_basina_ogrenci","Erzincan",14.75,240167.4,14.75
"ogretmen_basina_ogrenci","Erzurum",15.75,747704.4,15.75
"ogretmen_basina_ogrenci","Eskişehir",15.25,913998,15.25
"ogretmen_basina_ogrenci","Gaziantep",23.5,2172879,23.5
"ogretmen_basina_ogrenci","Giresun",15,454744.8,15
"ogretmen_basina_ogrenci","Gümüşhane",13.75,144925.2,13.75
"ogretmen_basina_ogrenci","Hakkari",17,280609.6,17
"ogretmen_basina_ogrenci","Hatay",17.25,1608222.2,17.25
"ogretmen_basina_ogrenci","Isparta",13.5,446498.4,13.5
"ogretmen_basina_ogrenci","Iğdır",14.75,205683.8,14.75
"ogretmen_basina_ogrenci","Kahramanmaraş",18.25,1149147,18.25
"ogretmen_basina_ogrenci","Karabük",14.75,251335.8,14.75
"ogretmen_basina_ogrenci","Karaman",14.75,261756.4,14.75
"ogretmen_basina_ogrenci","Kars",13.75,275106.4,13.75
"ogretmen_basina_ogrenci","Kastamonu",15,380924.4,15
"ogretmen_basina_ogrenci","Kayseri",18,1446602.4,18
"ogretmen_basina_ogrenci","Kilis",20.5,152605.2,20.5
"ogretmen_basina_ogrenci","Kocaeli",18.75,2101319.4,18.75
"ogretmen_basina_ogrenci","Konya",18,2313407.6,18
"ogretmen_basina_ogrenci","Kütahya",14,575314.2,14
"ogretmen_basina_ogrenci","Kırklareli",15.75,374298.4,15.75
"ogretmen_basina_ogrenci","Kırıkkale",14.75,280928.2,14.75
"ogretmen_basina_ogrenci","Kırşehir",13.75,244393,13.75
"ogretmen_basina_ogrenci","Malatya",15,774068.4,15
"ogretmen_basina_ogrenci","Manisa",15.75,1470746,15.75
"ogretmen_basina_ogrenci","Mardin",20,884298.4,20
"ogretmen_basina_ogrenci","Mersin",17.5,1931334.6,17.5
"ogretmen_basina_ogrenci","Muğla",14.25,1063495.2,14.25
"ogretmen_basina_ogrenci","Muş",17,397147.4,17
"ogretmen_basina_ogrenci","Nevşehir",14.25,314422,14.25
"ogretmen_basina_ogrenci","Niğde",15.5,370684.8,15.5
"ogretmen_basina_ogrenci","Ordu",15.25,767732,15.25
"ogretmen_basina_ogrenci","Osmaniye",16.75,559053.4,16.75
"ogretmen_basina_ogrenci","Rize",14.75,346821.6,14.75
"ogretmen_basina_ogrenci","Sakarya",16.5,1094699.8,16.5
"ogretmen_basina_ogrenci","Samsun",14.75,1378417.4,14.75
"ogretmen_basina_ogrenci","Siirt",17.75,335905,17.75
"ogretmen_basina_ogrenci","Sinop",15,224345.6,15
"ogretmen_basina_ogrenci","Sivas",15,637970.8,15
"ogretmen_basina_ogrenci","Tekirdağ",19.5,1163702.6,19.5
"ogretmen_basina_ogrenci","Tokat",14,606554,14
"ogretmen_basina_ogrenci","Trabzon",15,820930.4,15
"ogretmen_basina_ogrenci","Tunceli",13.25,85804.6,13.25
"ogretmen_basina_ogrenci","Uşak",13.25,375070.6,13.25
"ogretmen_basina_ogrenci","Van",18.25,1125495.2,18.25
"ogretmen_basina_ogrenci","Yalova",17.5,302326.2,17.5
"ogretmen_basina_ogrenci","Yozgat",13.75,416802,13.75
"ogretmen_basina_ogrenci","Zonguldak",13,588338.2,13
"ogretmen_basina_ogrenci","Çanakkale",15,566020,15
"ogretmen_basina_ogrenci","Çankırı",17.5,199662.4,17.5
"ogretmen_basina_ogrenci","Çorum",16,523937.6,16
"ogretmen_basina_ogrenci","İstanbul",21.75,15772086,21.75
"ogretmen_basina_ogrenci","İzmir",16.25,4472959.4,16.25
"ogretmen_basina_ogrenci","Şanlıurfa",25.75,2206127.8,25.75
"ogretmen_basina_ogrenci","Şırnak",20,563886.2,20
"sinema_sayisi","Adana",30,2274374,1.31904427328135e-05
"sinema_sayisi","Adıyaman",12.25,620230.6,1.97507185230784e-05
"sinema_sayisi","Afyonkarahisar",17.25,749015.8,2.30302217923841e-05
"sinema_sayisi","Aksaray",7.25,436247.6,1.66190026031089e-05
"sinema_sayisi","Amasya",7,339549.4,2.06155569705027e-05
"sinema_sayisi","Ankara",234.5,5821492.2,4.02817683067582e-05
"sinema_sayisi","Antalya",100.25,2700773,3.7119002596664e-05
"sinema_sayisi","Ardahan",0.5,92395.6,5.41151310235552e-06
"sinema_sayisi","Artvin",2,169622.6,1.17908816395928e-05
"sinema_sayisi","Aydın",26.5,1156404.8,2.29158509200239e-05
"sinema_sayisi","Ağrı",7.75,507559.6,1.5269142776533e-05
"sinema_sayisi","Balıkesir",36.75,1268466.4,2.89719932668299e-05
"sinema_sayisi","Bartın",4,205135.6,1.94992970503413e-05
"sinema_sayisi","Batman",20,645033.8,3.10061271207803e-05
"sinema_sayisi","Bayburt",3,84368.4,3.55583370076948e-05
"sinema_sayisi","Bilecik",3,228511,1.31284708394782e-05
"sinema_sayisi","Bingöl",9,283379.6,3.17595197396002e-05
"sinema_sayisi","Bitlis",2.75,357248.6,7.69772085880813e-06
"sinema_sayisi","Bolu",14,323841.8,4.32309850056416e-05
"sinema_sayisi","Burdur",6.5,275603.8,2.35845804738541e-05
"sinema_sayisi","Bursa",97.5,3211747.6,3.03573045403692e-05
"sinema_sayisi","Denizli",26.5,1057763.2,2.50528662747957e-05
"sinema_sayisi","Diyarbakır",39,1820085.2,2.1427568335812e-05
"sinema_sayisi","Düzce",13,408787.6,3.18013560098203e-05
"sinema_sayisi","Edirne",24,418085.4,5.74045398380331e-05
"sinema_sayisi","Elazığ",4.75,598723,7.9335519096477e-06
"sinema_sayisi","Erzincan",5,240167.4,2.08188122118156e-05
"sinema_sayisi","Erzurum",30,747704.4,4.01228078903909e-05
"sinema_sayisi","Eskişehir",38,913998,4.15755833163749e-05
"sinema_sayisi","Gaziantep",33.5,2172879,1.54173334088092e-05
"sinema_sayisi","Giresun",10.5,454744.8,2.30898737049879e-05
"sinema_sayisi","Gümüşhane",2,144925.2,1.3800222459586e-05
"sinema_sayisi","Hakkari",1,280609.6,3.56366995284552e-06
"sinema_sayisi","Hatay",25.25,1608222.2,1.57005667500424e-05
"sinema_sayisi","Isparta",18.75,446498.4,4.19934315554098e-05
"sinema_sayisi","Iğdır",1.5,205683.8,7.29274741131776e-06
"sinema_sayisi","Kahramanmaraş",11,1149147,9.57231755380295e-06
"sinema_sayisi","Karabük",14,251335.8,5.57023710907877e-05
"sinema_sayisi","Karaman",4,261756.4,1.52813837598622e-05
"sinema_sayisi","Kars",0.75,275106.4,2.72621792877229e-06
"sinema_sayisi","Kastamonu",16.25,380924.4,4.26593833317057e-05
"sinema_sayisi","Kayseri",35.75,1446602.4,2.47130794197493e-05
"sinema_sayisi","Kilis",3,152605.2,1.9658569956987e-05
"sinema_sayisi","Kocaeli",62.75,2101319.4,2.9862190393331e-05
"sinema_sayisi","Konya",41.75,2313407.6,1.80469710568946e-05
"sinema_sayisi","Kütahya",10.75,575314.2,1.86854417985859e-05
"sinema_sayisi","Kırklareli",12.5,374298.4,3.33958146762049e-05
"sinema_sayisi","Kırıkkale",7.5,280928.2,2.66972130245379e-05
"sinema_sayisi","Kırşehir",6,244393,2.45506213353083e-05
"sinema_sayisi","Malatya",12,774068.4,1.55025059800917e-05
"sinema_sayisi","Manisa",48.5,1470746,3.2976462285126e-05
"sinema_sayisi","Mardin",17,884298.4,1.92242799489403e-05
"sinema_sayisi","Mersin",43.25,1931334.6,2.2393841025786e-05
"sinema_sayisi","Muğla",43,1063495.2,4.04327165745553e-05
"sinema_sayisi","Muş",3,397147.4,7.55387042694979e-06
"sinema_sayisi","Nevşehir",14,314422,4.45261463892476e-05
"sinema_sayisi","Niğde",5.5,370684.8,1.48374036378076e-05
"sinema_sayisi","Ordu",19.5,767732,2.53994883631267e-05
"sinema_sayisi","Osmaniye",7.5,559053.4,1.34155341868952e-05
"sinema_sayisi","Rize",18.5,346821.6,5.3341545047944e-05
"sinema_sayisi","Sakarya",34.5,1094699.8,3.1515489451994e-05
"sinema_sayisi","Samsun",32.25,1378417.4,2.33963964761327e-05
"sinema_sayisi","Siirt",11,335905,3.27473541626353e-05
"sinema_sayisi","Sinop",3.75,224345.6,1.67152821361328e-05
"sinema_sayisi","Sivas",17.75,637970.8,2.78225899994169e-05
"sinema_sayisi","Tekirdağ",38,1163702.6,3.2654391250823e-05
"sinema_sayisi","Tokat",22.75,606554,3.75069655793219e-05
"sinema_sayisi","Trabzon",23.25,820930.4,2.83215239684144e-05
"sinema_sayisi","Tunceli",1,85804.6,1.16543868277458e-05
"sinema_sayisi","Uşak",10.75,375070.6,2.86612707047687e-05
"sinema_sayisi","Van",10.75,1125495.2,9.55135126298184e-06
"sinema_sayisi","Yalova",15.25,302326.2,5.0442204479797e-05
"sinema_sayisi","Yozgat",14.75,416802,3.53885058133118e-05
"sinema_sayisi","Zonguldak",23,588338.2,3.90931610424072e-05
"sinema_sayisi","Çanakkale",12.25,566020,2.16423447934702e-05
"sinema_sayisi","Çankırı",4,199662.4,2.00338170832365e-05
"sinema_sayisi","Çorum",10.75,523937.6,2.05177105059839e-05
"sinema_sayisi","İstanbul",705,15772086,4.46992236790999e-05
"sinema_sayisi","İzmir",144.5,4472959.4,3.2305233979991e-05
"sinema_sayisi","Şanlıurfa",24,2206127.8,1.08787895243422e-05
"sinema_sayisi","Şırnak",8,563886.2,1.41872597697904e-05
"tiyatro_sayisi","Adana",17,2274374,7.47458421526099e-06
"tiyatro_sayisi","Adıyaman",0.25,620230.6,4.03075888226089e-07
"tiyatro_sayisi","Afyonkarahisar",4.5,749015.8,6.00788394583933e-06
"tiyatro_sayisi","Aksaray",1.5,436247.6,3.4384143316777e-06
"tiyatro_sayisi","Amasya",4,339549.4,1.17803182688587e-05
"tiyatro_sayisi","Ankara",58,5821492.2,9.96308128695938e-06
"tiyatro_sayisi","Antalya",22.75,2700773,8.42351430497861e-06
"tiyatro_sayisi","Ardahan",2,92395.6,2.16460524094221e-05
"tiyatro_sayisi","Artvin",1.75,169622.6,1.03170214346437e-05
"tiyatro_sayisi","Aydın",9,1156404.8,7.78274182189489e-06
"tiyatro_sayisi","Ağrı",2.5,507559.6,4.92552992791388e-06
"tiyatro_sayisi","Balıkesir",15,1268466.4,1.18253033742163e-05
"tiyatro_sayisi","Bartın",3,205135.6,1.4624472787756e-05
"tiyatro_sayisi","Batman",2,645033.8,3.10061271207803e-06
"tiyatro_sayisi","Bayburt",0.75,84368.4,8.88958425192371e-06
"tiyatro_sayisi","Bilecik",0.75,228511,3.28211770986955e-06
"tiyatro_sayisi","Bingöl",3.5,283379.6,1.23509243431778e-05
"tiyatro_sayisi","Bitlis",4.25,357248.6,1.18964776908853e-05
"tiyatro_sayisi","Bolu",2.5,323841.8,7.71981875100744e-06
"tiyatro_sayisi","Burdur",5,275603.8,1.81419849798878e-05
"tiyatro_sayisi","Bursa",18.75,3211747.6,5.83794318084024e-06
"tiyatro_sayisi","Denizli",11.75,1057763.2,1.11083463671264e-05
"tiyatro_sayisi","Diyarbakır",7.5,1820085.2,4.12068621842538e-06
"tiyatro_sayisi","Düzce",3.5,408787.6,8.56190354110545e-06
"tiyatro_sayisi","Edirne",7.25,418085.4,1.73409547427392e-05
"tiyatro_sayisi","Elazığ",5.25,598723,8.76866263697904e-06
"tiyatro_sayisi","Erzincan",1.5,240167.4,6.24564366354468e-06
"tiyatro_sayisi","Erzurum",6.25,747704.4,8.35891831049811e-06
"tiyatro_sayisi","Eskişehir",9.25,913998,1.01203722546439e-05
"tiyatro_sayisi","Gaziantep",7,2172879,3.22153235407954e-06
"tiyatro_sayisi","Giresun",2.5,454744.8,5.49758897737808e-06
"tiyatro_sayisi","Gümüşhane",2.25,144925.2,1.55252502670343e-05
"tiyatro_sayisi","Hakkari",0.5,280609.6,1.78183497642276e-06
"tiyatro_sayisi","Hatay",11.75,1608222.2,7.30620432922764e-06
"tiyatro_sayisi","Isparta",3.5,446498.4,7.83877389034317e-06
"tiyatro_sayisi","Iğdır",1.5,205683.8,7.29274741131776e-06
"tiyatro_sayisi","Kahramanmaraş",2.5,1149147,2.1755267167734e-06
"tiyatro_sayisi","Karabük",2.5,251335.8,9.9468519804978e-06
"tiyatro_sayisi","Karaman",4.5,261756.4,1.7191556729845e-05
"tiyatro_sayisi","Kars",3,275106.4,1.09048717150891e-05
"tiyatro_sayisi","Kastamonu",8.25,380924.4,2.16578407684044e-05
"tiyatro_sayisi","Kayseri",9.75,1446602.4,6.73993075084073e-06
"tiyatro_sayisi","Kilis",1.25,152605.2,8.19107081541127e-06
"tiyatro_sayisi","Kocaeli",23,2101319.4,1.09455040485516e-05
"tiyatro_sayisi","Konya",15.25,2313407.6,6.59200739203934e-06
"tiyatro_sayisi","Kütahya",4.25,575314.2,7.38726768781303e-06
"tiyatro_sayisi","Kırklareli",3.5,374298.4,9.35082810933736e-06
"tiyatro_sayisi","Kırıkkale",1,280928.2,3.55962840327173e-06
"tiyatro_sayisi","Kırşehir",1.75,244393,7.16059788946492e-06
"tiyatro_sayisi","Malatya",7.75,774068.4,1.00120351121425e-05
"tiyatro_sayisi","Manisa",7.25,1470746,4.92947116633328e-06
"tiyatro_sayisi","Mardin",4.75,884298.4,5.37148998573332e-06
"tiyatro_sayisi","Mersin",15.75,1931334.6,8.15498257008392e-06
"tiyatro_sayisi","Muğla",12.75,1063495.2,1.19887706122228e-05
"tiyatro_sayisi","Muş",4.75,397147.4,1.19602948426705e-05
"tiyatro_sayisi","Nevşehir",2.25,314422,7.15598781255765e-06
"tiyatro_sayisi","Niğde",1.25,370684.8,3.37213719041083e-06
"tiyatro_sayisi","Ordu",8.5,767732,1.10715718505937e-05
"tiyatro_sayisi","Osmaniye",2.5,559053.4,4.47184472896507e-06
"tiyatro_sayisi","Rize",4.25,346821.6,1.22541387272304e-05
"tiyatro_sayisi","Sakarya",8,1094699.8,7.30793958307108e-06
"tiyatro_sayisi","Samsun",5,1378417.4,3.62734829087329e-06
"tiyatro_sayisi","Siirt",0.75,335905,2.2327741474524e-06
"tiyatro_sayisi","Sinop",7.75,224345.6,3.45449164146745e-05
"tiyatro_sayisi","Sivas",4.5,637970.8,7.05361436604935e-06
"tiyatro_sayisi","Tekirdağ",11.75,1163702.6,1.00970815051887e-05
"tiyatro_sayisi","Tokat",2.25,606554,3.70948011224062e-06
"tiyatro_sayisi","Trabzon",8.5,820930.4,1.03541055368397e-05
"tiyatro_sayisi","Tunceli",1.25,85804.6,1.45679835346823e-05
"tiyatro_sayisi","Uşak",3.25,375070.6,8.66503532934866e-06
"tiyatro_sayisi","Van",7.75,1125495.2,6.88585788726598e-06
"tiyatro_sayisi","Yalova",2,302326.2,6.61537107931764e-06
"tiyatro_sayisi","Yozgat",1.5,416802,3.59883109965883e-06
"tiyatro_sayisi","Zonguldak",5.75,588338.2,9.77329026060181e-06
"tiyatro_sayisi","Çanakkale",9.25,566020,1.63421787215999e-05
"tiyatro_sayisi","Çankırı",2.25,199662.4,1.12690221093205e-05
"tiyatro_sayisi","Çorum",1.75,523937.6,3.34009240795087e-06
"tiyatro_sayisi","İstanbul",200,15772086,1.26806308309503e-05
"tiyatro_sayisi","İzmir",60,4472959.4,1.34139379847713e-05
"tiyatro_sayisi","Şanlıurfa",5.25,2206127.8,2.37973520844985e-06
"tiyatro_sayisi","Şırnak",1.75,563886.2,3.10346307464166e-06
"toplam_hekim_sayisi","Adana",2.25,2274374,2.25
"toplam_hekim_sayisi","Adıyaman",2,620230.6,2
"toplam_hekim_sayisi","Afyonkarahisar",2,749015.8,2
"toplam_hekim_sayisi","Aksaray",1.5,436247.6,1.5
"toplam_hekim_sayisi","Amasya",1.75,339549.4,1.75
"toplam_hekim_sayisi","Ankara",4.25,5821492.2,4.25
"toplam_hekim_sayisi","Antalya",2.5,2700773,2.5
"toplam_hekim_sayisi","Ardahan",2,92395.6,2
"toplam_hekim_sayisi","Artvin",2,169622.6,2
"toplam_hekim_sayisi","Aydın",2,1156404.8,2
"toplam_hekim_sayisi","Ağrı",1,507559.6,1
"toplam_hekim_sayisi","Balıkesir",2,1268466.4,2
"toplam_hekim_sayisi","Bartın",1.25,205135.6,1.25
"toplam_hekim_sayisi","Batman",1,645033.8,1
"toplam_hekim_sayisi","Bayburt",2,84368.4,2
"toplam_hekim_sayisi","Bilecik",1.75,228511,1.75
"toplam_hekim_sayisi","Bingöl",1,283379.6,1
"toplam_hekim_sayisi","Bitlis",1,357248.6,1
"toplam_hekim_sayisi","Bolu",3,323841.8,3
"toplam_hekim_sayisi","Burdur",1.75,275603.8,1.75
"toplam_hekim_sayisi","Bursa",2,3211747.6,2
"toplam_hekim_sayisi","Denizli",2.25,1057763.2,2.25
"toplam_hekim_sayisi","Diyarbakır",2,1820085.2,2
"toplam_hekim_sayisi","Düzce",2,408787.6,2
"toplam_hekim_sayisi","Edirne",3.5,418085.4,3.5
"toplam_hekim_sayisi","Elazığ",2.25,598723,2.25
"toplam_hekim_sayisi","Erzincan",2,240167.4,2
"toplam_hekim_sayisi","Erzurum",2.5,747704.4,2.5
"toplam_hekim_sayisi","Eskişehir",2.75,913998,2.75
"toplam_hekim_sayisi","Gaziantep",2,2172879,2
"toplam_hekim_sayisi","Giresun",2,454744.8,2
"toplam_hekim_sayisi","Gümüşhane",2,144925.2,2
"toplam_hekim_sayisi","Hakkari",1.25,280609.6,1.25
"toplam_hekim_sayisi","Hatay",2,1608222.2,2
"toplam_hekim_sayisi","Isparta",3,446498.4,3
"toplam_hekim_sayisi","Iğdır",1,205683.8,1
"toplam_hekim_sayisi","Kahramanmaraş",2,1149147,2
"toplam_hekim_sayisi","Karabük",2,251335.8,2
"toplam_hekim_sayisi","Karaman",2,261756.4,2
"toplam_hekim_sayisi","Kars",2,275106.4,2
"toplam_hekim_sayisi","Kastamonu",2,380924.4,2
"toplam_hekim_sayisi","Kayseri",2.25,1446602.4,2.25
"toplam_hekim_sayisi","Kilis",2,152605.2,2
"toplam_hekim_sayisi","Kocaeli",2,2101319.4,2
"toplam_hekim_sayisi","Konya",2.25,2313407.6,2.25
"toplam_hekim_sayisi","Kütahya",2,575314.2,2
"toplam_hekim_sayisi","Kırklareli",2,374298.4,2
"toplam_hekim_sayisi","Kırıkkale",2.25,280928.2,2.25
"toplam_hekim_sayisi","Kırşehir",2,244393,2
"toplam_hekim_sayisi","Malatya",2.25,774068.4,2.25
"toplam_hekim_sayisi","Manisa",2,1470746,2
"toplam_hekim_sayisi","Mardin",1,884298.4,1
"toplam_hekim_sayisi","Mersin",2,1931334.6,2
"toplam_hekim_sayisi","Muğla",2,1063495.2,2
"toplam_hekim_sayisi","Muş",1,397147.4,1
"toplam_hekim_sayisi","Nevşehir",1.5,314422,1.5
"toplam_hekim_sayisi","Niğde",1.25,370684.8,1.25
"toplam_hekim_sayisi","Ordu",2,767732,2
"toplam_hekim_sayisi","Osmaniye",1,559053.4,1
"toplam_hekim_sayisi","Rize",2.25,346821.6,2.25
"toplam_hekim_sayisi","Sakarya",2,1094699.8,2
"toplam_hekim_sayisi","Samsun",2.5,1378417.4,2.5
"toplam_hekim_sayisi","Siirt",1,335905,1
"toplam_hekim_sayisi","Sinop",2,224345.6,2
"toplam_hekim_sayisi","Sivas",2.25,637970.8,2.25
"toplam_hekim_sayisi","Tekirdağ",2,1163702.6,2
"toplam_hekim_sayisi","Tokat",2,606554,2
"toplam_hekim_sayisi","Trabzon",3,820930.4,3
"toplam_hekim_sayisi","Tunceli",2,85804.6,2
"toplam_hekim_sayisi","Uşak",2,375070.6,2
"toplam_hekim_sayisi","Van",2,1125495.2,2
"toplam_hekim_sayisi","Yalova",2,302326.2,2
"toplam_hekim_sayisi","Yozgat",2,416802,2
"toplam_hekim_sayisi","Zonguldak",2,588338.2,2
"toplam_hekim_sayisi","Çanakkale",2.5,566020,2.5
"toplam_hekim_sayisi","Çankırı",1.5,199662.4,1.5
"toplam_hekim_sayisi","Çorum",2,523937.6,2
"toplam_hekim_sayisi","İstanbul",3,15772086,3
"toplam_hekim_sayisi","İzmir",3.25,4472959.4,3.25
"toplam_hekim_sayisi","Şanlıurfa",1,2206127.8,1
"toplam_hekim_sayisi","Şırnak",1,563886.2,1
