"il","bolge","GSYH","bebek_olum_hizi","cocuk_olum_hizi","derslik_basina_ogrenci","girisim_sayisi","hastane_sayisi","hastane_yatak_sayisi","ihracat","isgucune_katilma_orani","issizlik_orani","istihdam_orani","kutuphane_sayisi","muze_sayisi","ogretmen_basina_ogrenci","sinema_sayisi","tiyatro_sayisi","toplam_hekim_sayisi"
"Adana","Akdeniz",208.639352630658,11,12.6,27.25,0.0456982888478324,1.40698055816677e-05,325.166666666667,1.26207888412372,51.675,13.075,44.9,9.78291169350336e-06,1.42896462938813e-06,19.25,1.31904427328135e-05,7.47458421526099e-06,2.25
"Adıyaman","Güneydoğu Anadolu",153.099362962743,13.65,24.3333333333333,20.25,0.0341433492639673,1.89445667466262e-05,206.166666666667,0.0984182334763877,49.675,12.775,43.3,1.97507185230784e-05,1.61230355290436e-06,16.75,1.97507185230784e-05,4.03075888226089e-07,2
"Afyonkarahisar","Ege",181.15403773859,7.8,10.3,16,0.0467253160747744,2.93718770685478e-05,312.333333333333,0.493002684322547,53.7,6.925,49.975,2.33639931227085e-05,1.33508532129763e-06,14,2.30302217923841e-05,6.00788394583933e-06,2
"Aksaray","İç Anadolu",219.339054243508,8.975,11.05,17.25,0.0473939570097348,2.40689003217439e-05,238,0.394506697572663,50.725,7.1,47.1,1.66190026031089e-05,2.29227622111847e-06,16,1.66190026031089e-05,3.4384143316777e-06,1.5
"Amasya","Karadeniz",181.893556578218,7.775,10.2833333333333,15.25,0.0470822507711691,2.13518268623063e-05,256.5,0.467231572195386,53.375,7.35,49.45,2.208809675411e-05,5.89015913442933e-06,13.5,2.06155569705027e-05,1.17803182688587e-05,1.75
"Ankara","İç Anadolu",414.255240477691,7.475,9.08333333333333,21,0.0577464915266914,1.45151787715184e-05,382.833333333333,2.2535215627361,54.3,10.375,48.65,1.2325018661023e-05,1.24538516086992e-06,16.75,4.02817683067582e-05,9.96308128695938e-06,4.25
"Antalya","Akdeniz",292.723878774706,6.7,8.35,22,0.0712791300860902,1.72172929750112e-05,296.666666666667,0.823345982798258,59.125,7.2,54.875,6.84989075349909e-06,3.88777583306705e-06,17,3.7119002596664e-05,8.42351430497861e-06,2.5
"Ardahan","Doğu Anadolu",198.922297165666,7.05,10.0333333333333,12.25,0.0345687456978471,4.05863482676664e-05,225.666666666667,0.0516474810488811,61.525,5.1,58.4,6.49381572282663e-05,0,13.25,5.41151310235552e-06,2.16460524094221e-05,2
"Artvin","Karadeniz",225.830501065306,5.125,6.75,15,0.0565829671282011,4.71635265583714e-05,211.833333333333,0.394666748416779,58.1,8.5,53.2,5.30589673781678e-05,4.42158061484731e-06,14.25,1.17908816395928e-05,1.03170214346437e-05,2
"Aydın","Ege",202.106047337403,6.475,8.35,19.75,0.0600438531559191,2.11863527373805e-05,302.166666666667,1.0129274800658,53.175,9.625,48.075,1.83759181905852e-05,4.53993272943869e-06,14.5,2.29158509200239e-05,7.78274182189489e-06,2
"Ağrı","Doğu Anadolu",100.186482533283,11.825,13.9833333333333,16.75,0.0193652134645862,1.92095667188642e-05,175.166666666667,0.0504271813595881,48.175,13.275,41.75,1.773190774049e-05,1.47765897837417e-06,16.75,1.5269142776533e-05,4.92552992791388e-06,1
"Balıkesir","Marmara",242.797103652095,6.65,8.26666666666667,18,0.0544951368045697,1.97088389570272e-05,269.166666666667,0.795913553563579,52.475,6.175,49.25,1.97088389570272e-05,2.36506067484326e-06,14.5,2.89719932668299e-05,1.18253033742163e-05,2
"Bartın","Karadeniz",167.399138667301,10.125,9.78333333333333,14,0.0430971025994513,1.8280590984695e-05,231,0.521418027880095,55.4,7.85,51.05,1.94992970503413e-05,4.87482426258533e-06,14.25,1.94992970503413e-05,1.4624472787756e-05,1.25
"Batman","Güneydoğu Anadolu",125.086984589025,10.65,13.5166666666667,23.75,0.0238154186648824,1.86036762724682e-05,278,0.276241648112083,44.025,13.1,38.25,1.66657933274194e-05,3.10061271207803e-06,19.5,3.10061271207803e-05,3.10061271207803e-06,1
"Bayburt","Karadeniz",165.262156802784,5.9,9.33333333333333,14.25,0.0371199406412828,2.37055580051299e-05,286.5,0.00247248969993505,52.75,7.35,48.85,3.85215317583361e-05,1.18527790025649e-05,13.5,3.55583370076948e-05,8.88958425192371e-06,2
"Bilecik","Marmara",295.272747263808,4.9,7.6,18,0.0411216527869556,3.50092555719418e-05,246.5,0.596820284362678,55.3,7.2,51.375,2.84450201522027e-05,8.75231389298546e-06,17,1.31284708394782e-05,3.28211770986955e-06,1.75
"Bingöl","Doğu Anadolu",141.352127146767,11.775,13.0166666666667,20.25,0.0274649269037009,2.64662664496668e-05,254.833333333333,0.0193478994253644,46.925,8.6,42.9,2.47018486863557e-05,1.76441776331112e-06,16.5,3.17595197396002e-05,1.23509243431778e-05,1
"Bitlis","Doğu Anadolu",117.852246306913,13.225,15.55,15.25,0.0278839441218244,2.23933697710782e-05,293.333333333333,0.0267886284228966,48.775,10.925,43.35,2.23933697710782e-05,5.59834244276955e-06,15.75,7.69772085880813e-06,1.18964776908853e-05,1
"Bolu","Karadeniz",299.22618621191,6.4,8.25,17.5,0.044835163342101,3.39672025044327e-05,454,0.545245857699655,57.475,7.925,52.975,2.77913475036268e-05,4.63189125060446e-06,16,4.32309850056416e-05,7.71981875100744e-06,3
"Burdur","Akdeniz",214.08773844918,7.6,8.81666666666667,16.75,0.0590004564523421,2.90271759678205e-05,281.166666666667,0.940053076191257,54.725,5.1,51.95,4.80762601967027e-05,7.25679399195512e-06,13.5,2.35845804738541e-05,1.81419849798878e-05,1.75
"Bursa","Marmara",284.620323994326,6.8,8.15,27,0.0554197502942012,1.33883496947269e-05,265.166666666667,3.69010217365773,55.65,8.8,50.75,5.76010393842903e-06,2.4908557571585e-06,19.5,3.03573045403692e-05,5.83794318084024e-06,2
"Denizli","Ege",227.732444747558,7.675,9.2,18.25,0.0624130712809824,2.22166927342528e-05,308.166666666667,4.2019431192161,55.925,6.975,52.05,2.41074750946147e-05,2.12713015540718e-06,16,2.50528662747957e-05,1.11083463671264e-05,2.25
"Diyarbakır","Güneydoğu Anadolu",123.660279474829,10.675,12.7166666666667,28.75,0.0249511671211875,1.53838952154547e-05,272.333333333333,0.199126172774769,42.7,11.35,37.875,9.61493450965922e-06,2.74712414561692e-06,19.5,2.1427568335812e-05,4.12068621842538e-06,2
"Düzce","Karadeniz",240.279904527437,8.35,10.5166666666667,17.75,0.0478457516813132,2.2016323391414e-05,217.666666666667,0.85862242396785,58.45,8.45,53.5,2.2016323391414e-05,2.44625815460156e-06,15.5,3.18013560098203e-05,8.56190354110545e-06,2
"Edirne","Marmara",226.072542236586,6.725,7.81666666666667,16,0.0568603926374851,2.75063420057242e-05,468.333333333333,0.239901225921785,56.75,7.2,52.7,2.45165222224933e-05,7.17556747975414e-06,13.5,5.74045398380331e-05,1.73409547427392e-05,3.5
"Elazığ","Doğu Anadolu",182.541014793151,10,12.1833333333333,21.25,0.0412523821533497,2.17128789106148e-05,528.833333333333,0.498722113565038,46.075,7.625,42.525,1.96251020922864e-05,1.67022145466267e-06,17,7.9335519096477e-06,8.76866263697904e-06,2.25
"Erzincan","Doğu Anadolu",225.036030077354,6.35,8.15,15.75,0.0391154253241697,4.16376244236312e-05,274.833333333333,0.133584324933359,49.8,9.125,45.225,5.72517335824929e-05,4.16376244236312e-06,14.75,2.08188122118156e-05,6.24564366354468e-06,2
"Erzurum","Doğu Anadolu",161.983716091546,9.5,11.9666666666667,16,0.0320741726275785,2.74172520584338e-05,484.666666666667,0.0440131153434432,51.425,7.075,47.8,3.04264626502131e-05,5.01535098629886e-06,15.75,4.01228078903909e-05,8.35891831049811e-06,2.5
"Eskişehir","İç Anadolu",286.017718583629,5.4,7.18333333333333,23,0.0484935415613601,1.64114144669901e-05,401.666666666667,1.61047026361108,53.375,8.2,49,1.31291315735921e-05,1.09409429779934e-06,15.25,4.15755833163749e-05,1.01203722546439e-05,2.75
"Gaziantep","Güneydoğu Anadolu",204.752945401009,16.7,19.9333333333333,30.75,0.0425514950441327,1.53022786818778e-05,341.5,4.53943767692541,50.05,9.575,45.225,6.21295525429626e-06,1.26560199624553e-06,23.5,1.54173334088092e-05,3.22153235407954e-06,2
"Giresun","Karadeniz",156.583996672419,6.725,7.63333333333333,16.25,0.0437311212794517,3.95826406371222e-05,392,0.986302207303965,56.925,7.325,52.75,3.79333639439088e-05,2.19903559095123e-06,15,2.30898737049879e-05,5.49758897737808e-06,2
"Gümüşhane","Karadeniz",150.77151178677,9.8,11.5666666666667,12.5,0.0341866010880095,4.14006673787581e-05,249.833333333333,0.501567705271409,50.975,11.025,45.3,6.21010010681372e-05,6.90011122979302e-06,13.75,1.3800222459586e-05,1.55252502670343e-05,2
"Hakkari","Doğu Anadolu",153.923112395299,13.475,16.55,21.5,0.0203476645132597,1.78183497642276e-05,162.5,0.29978233103928,44.9,20.8,35.375,1.42546798113821e-05,0,17,3.56366995284552e-06,1.78183497642276e-06,1.25
"Hatay","Akdeniz",196.850220852566,13.075,22.1166666666667,23.5,0.0415500731180057,1.44569575025143e-05,275,2.1262403914086,49.025,12.925,42.725,1.43015063465733e-05,2.3317673391152e-06,17.25,1.57005667500424e-05,7.30620432922764e-06,2
"Isparta","Akdeniz",206.812209181489,8.2,9.46666666666667,16.25,0.0507286252313558,3.35947452443279e-05,474.166666666667,0.663919064435617,53.875,7.225,49.975,6.71894904886557e-05,6.71894904886557e-06,13.5,4.19934315554098e-05,7.83877389034317e-06,3
"Iğdır","Doğu Anadolu",142.699275538472,11.525,13.5,17.25,0.0270329991958531,1.94473264301807e-05,156.333333333333,0.391819871083673,53.325,12.85,46.475,1.82318685282944e-05,4.86183160754517e-06,14.75,7.29274741131776e-06,7.29274741131776e-06,1
"Kahramanmaraş","Akdeniz",187.148021750046,12.95,21.55,24.75,0.0362934420052439,1.52286870174138e-05,261,1.0697853277257,49,12.825,42.75,1.26180549572857e-05,1.74042137341872e-06,18.25,9.57231755380295e-06,2.1755267167734e-06,2
"Karabük","Karadeniz",203.998126212024,8.5,7.8,18.5,0.0488320804278579,2.38724447531947e-05,296.666666666667,1.24154617050177,49.525,11.05,44.075,2.88458707434436e-05,2.98405559414934e-06,14.75,5.57023710907877e-05,9.9468519804978e-06,2
"Karaman","İç Anadolu",254.114817249932,7.55,8.86666666666667,15.5,0.0471726765802097,2.29220756397933e-05,238.166666666667,1.19070632083876,53.95,7.375,49.975,2.76975080647503e-05,6.68560539493972e-06,14.75,1.52813837598622e-05,1.7191556729845e-05,2
"Kars","Doğu Anadolu",149.888811201775,11.8,14,13.75,0.0285007909666951,2.90796579069044e-05,283.666666666667,0.00942689810197073,56.525,7.45,52.3,3.08971365260859e-05,7.2699144767261e-06,13.75,2.72621792877229e-06,1.09048717150891e-05,2
"Kastamonu","Karadeniz",213.24054064271,6.775,7.95,16.5,0.0487931463565999,5.25038564082532e-05,307.333333333333,0.817185772294975,56.5,4.575,53.9,4.92223653827374e-05,5.25038564082532e-06,15,4.26593833317057e-05,2.16578407684044e-05,2
"Kayseri","İç Anadolu",228.426097074082,10.45,12.5666666666667,23.5,0.0489685348233903,1.86644236177128e-05,334.166666666667,2.2772981712183,50,8.55,45.75,1.86644236177128e-05,2.07382484641253e-06,18,2.47130794197493e-05,6.73993075084073e-06,2.25
"Kilis","Güneydoğu Anadolu",189.460373892895,12.925,15.3833333333333,26.75,0.0406850487401478,1.3105713304658e-05,281.5,0.608261055324458,51.95,10.125,46.675,2.29349982831516e-05,8.19107081541127e-06,20.5,1.9658569956987e-05,8.19107081541127e-06,2
"Kocaeli","Marmara",445.136988336947,7.55,9.18333333333333,22.75,0.047883724863531,1.39198258008754e-05,246,6.21702288571647,58.25,9.25,52.9,6.78145359529827e-06,1.66562018130133e-06,18.75,2.9862190393331e-05,1.09455040485516e-05,2
"Konya","İç Anadolu",218.251339063639,8.375,10.1,22.5,0.0520424935061163,2.01002192609724e-05,374.666666666667,1.44306597765132,52.025,6.95,48.425,1.696631410738e-05,4.21456210310712e-06,18,1.80469710568946e-05,6.59200739203934e-06,2.25
"Kütahya","Ege",214.340828020584,7.35,8.53333333333333,16.25,0.0449571729673976,2.4769074012079e-05,347.833333333333,0.524456027680179,52.05,6.8,48.525,3.25908868579986e-05,5.21454189727978e-06,14,1.86854417985859e-05,7.38726768781303e-06,2
"Kırklareli","Marmara",294.17829998739,5.875,7.48333333333333,16.75,0.053285693981059,2.67166517409639e-05,269.833333333333,0.841609261487626,54.1,7.7,49.925,3.13920657956326e-05,2.67166517409639e-06,15.75,3.33958146762049e-05,9.35082810933736e-06,2
"Kırıkkale","İç Anadolu",237.229453112931,7.25,9.18333333333333,16.5,0.0401401496894936,2.49173988229021e-05,446.166666666667,0.0866093186800043,46.775,11.575,41.35,4.71650763433504e-05,0,14.75,2.66972130245379e-05,3.55962840327173e-06,2.25
"Kırşehir","İç Anadolu",195.65215042984,10.175,13.15,17,0.0422178622137295,2.45506213353083e-05,227.5,1.30107163462129,46.225,10.225,41.525,4.09177022255138e-05,9.20648300074061e-06,13.75,2.45506213353083e-05,7.16059788946492e-06,2
"Malatya","Doğu Anadolu",178.41357333538,9.275,12.6833333333333,20,0.0393130632900142,2.48686033430637e-05,415.5,0.517183752753633,49.575,6.75,46.225,2.648344771599e-05,3.87562649502292e-06,15,1.55025059800917e-05,1.00120351121425e-05,2.25
"Manisa","Ege",253.675478974616,8.6,10.55,20.75,0.049966989541362,1.93779211366205e-05,328.333333333333,2.25019901464971,56.175,6.325,52.625,1.44484499702872e-05,1.35985411485056e-06,15.75,3.2976462285126e-05,4.92947116633328e-06,2
"Mardin","Güneydoğu Anadolu",147.00285503174,12.225,15.4666666666667,24.5,0.0262106094503846,1.35700799639579e-05,179.666666666667,1.12763180392501,43.1,12.625,37.65,1.10256899707158e-05,1.41354999624561e-06,20,1.92242799489403e-05,5.37148998573332e-06,1
"Mersin","Akdeniz",253.944383717871,8.075,10.45,26.5,0.0507982925382272,1.38505259523648e-05,266.166666666667,1.55499062668892,51.525,7.5,47.65,1.20383076034572e-05,4.14221336893151e-06,17.5,2.2393841025786e-05,8.15498257008392e-06,2
"Muğla","Ege",279.737171827386,6.9,8.26666666666667,18.75,0.0768630643560968,2.16268018887156e-05,228,1.00715188935502,55.35,7.15,51.375,1.31641402800878e-05,7.52236587433587e-06,14.25,4.04327165745553e-05,1.19887706122228e-05,2
"Muş","Doğu Anadolu",120.691587053069,14.025,16.8333333333333,17.75,0.0211218806921561,1.76256976628828e-05,189.666666666667,0.278214083738179,48.175,12.4,42.2,2.01436544718661e-05,5.03591361796653e-06,17,7.55387042694979e-06,1.19602948426705e-05,1
"Nevşehir","İç Anadolu",194.489506936538,11.45,13.9333333333333,15.25,0.0595060142102016,3.25995000349848e-05,260.833333333333,0.315341165694512,53.025,6.65,49.5,0.000100978939132758,1.5902195139017e-05,14.25,4.45261463892476e-05,7.15598781255765e-06,1.5
"Niğde","İç Anadolu",190.159963397474,11.425,13.6333333333333,15.75,0.0442795334472846,2.15816780186293e-05,250.666666666667,0.206238831481625,50.975,8.725,46.5,4.11400737230121e-05,2.69770975232866e-06,15.5,1.48374036378076e-05,3.37213719041083e-06,1.25
"Ordu","Karadeniz",150.516702768674,7.025,8.06666666666667,19.25,0.0436242725326025,2.34456815659631e-05,297.666666666667,0.466935076302668,55.375,7.2,51.35,3.25634466193932e-05,1.30253786477573e-06,15.25,2.53994883631267e-05,1.10715718505937e-05,2
"Osmaniye","Akdeniz",176.919939132827,9.875,12.9666666666667,22.75,0.039013267784437,1.78873789158603e-05,263.666666666667,0.453091600909681,48.175,13.375,41.775,1.43099031326882e-05,2.68310683737904e-06,16.75,1.34155341868952e-05,4.47184472896507e-06,1
"Rize","Karadeniz",185.042111708152,6.925,8.93333333333333,15,0.0482632857930417,3.17165943528315e-05,324,0.621170077065558,57.35,8.4,52.55,4.61332281495732e-05,5.76665351869664e-06,14.75,5.3341545047944e-05,1.22541387272304e-05,2.25
"Sakarya","Marmara",254.478201695113,6.7,8.31666666666667,21,0.0500260436696892,1.68996102858519e-05,215.5,5.22667346792244,57.825,8.5,52.925,1.41591329422002e-05,9.13492447883886e-07,16.5,3.1515489451994e-05,7.30793958307108e-06,2
"Samsun","Karadeniz",191.172668380419,8.075,10.2333333333333,17.5,0.046803674997138,1.84994762834538e-05,382.166666666667,0.934432197388106,54.65,8.125,50.225,1.34211886762312e-05,2.17640897452397e-06,14.75,2.33963964761327e-05,3.62734829087329e-06,2.5
"Siirt","Güneydoğu Anadolu",138.819652878046,13.975,17.0833333333333,20.25,0.0198716899123264,2.38162575728257e-05,237.833333333333,0.148818862475998,39.5,11.65,34.95,2.15834834253732e-05,2.2327741474524e-06,17.75,3.27473541626353e-05,2.2327741474524e-06,1
"Sinop","Karadeniz",167.338080176299,7.875,8.83333333333333,16.5,0.0450699723997261,3.12018599874479e-05,311,0.182241149369544,51.65,5.85,48.65,4.45740856963542e-05,1.44865778513151e-05,15,1.67152821361328e-05,3.45449164146745e-05,2
"Sivas","İç Anadolu",185.984700240199,9.6,11.0333333333333,16,0.0380170220956821,3.13493971824416e-05,442.333333333333,0.167236807703425,51.125,9.2,46.425,3.87948790132715e-05,4.70240957736624e-06,15,2.78225899994169e-05,7.05361436604935e-06,2.25
"Tekirdağ","Marmara",347.185318009945,7.275,8.98333333333333,28.5,0.0487976910939273,1.71865217109595e-05,276.666666666667,1.80824894607952,59.525,7.425,55.1,8.59326085547974e-06,1.71865217109595e-06,19.5,3.2654391250823e-05,1.00970815051887e-05,2
"Tokat","Karadeniz",135.64149523373,8.175,9.65,17.75,0.0400347701935854,2.47298674149375e-05,375,0.0614256933430494,53.325,6.475,49.875,2.34933740441906e-05,4.9459734829875e-06,14,3.75069655793219e-05,3.70948011224062e-06,2
"Trabzon","Karadeniz",178.257082451813,8,9.11666666666667,18.25,0.0494402448733778,2.67988613894674e-05,409,1.37419591234531,54.5,8.35,49.975,2.25354061684157e-05,1.82719509473641e-06,15,2.83215239684144e-05,1.03541055368397e-05,3
"Tunceli","Doğu Anadolu",243.512763301734,9.275,10.3666666666667,14.75,0.0400211643664792,6.9926320966475e-05,175.833333333333,0.00345902201047496,48.7,6.525,45.55,8.15807077942208e-05,1.16543868277458e-05,13.25,1.16543868277458e-05,1.45679835346823e-05,2
"Uşak","Ege",215.341035127787,10.475,11.1666666666667,18.75,0.0551829442243674,1.93296941962393e-05,318.666666666667,0.952686774169983,53.925,8.2,49.5,2.5995105988046e-05,5.33232943344533e-06,13.25,2.86612707047687e-05,8.66503532934866e-06,2
"Van","Doğu Anadolu",100.055671938894,11.425,14.2166666666667,22.75,0.0238377293834749,1.33274668785793e-05,268.5,0.0211176378184465,45.825,17.55,37.725,1.35495913265556e-05,1.77699558381058e-06,18.25,9.55135126298184e-06,6.88585788726598e-06,2
"Yalova","Marmara",282.098529667624,7.975,9.8,20.5,0.054000447199085,2.31537987776117e-05,252.333333333333,2.51118229250392,52.3,10.425,46.85,1.07499780038912e-05,3.30768553965882e-06,17.5,5.0442204479797e-05,6.61537107931764e-06,2
"Yozgat","İç Anadolu",158.47169039496,9.25,11.15,14.5,0.0427517142432138,3.71879213631413e-05,299.166666666667,0.0950398510563769,52.075,7.4,48.25,4.37857783791824e-05,2.39922073310589e-06,13.75,3.53885058133118e-05,3.59883109965883e-06,2
"Zonguldak","Karadeniz",211.777408385177,8.025,9.18333333333333,16.75,0.0434873173287065,2.03964318482125e-05,389.333333333333,0.940978165279766,51.15,10.9,45.575,1.35976212321417e-05,3.39940530803541e-06,13,3.90931610424072e-05,9.77329026060181e-06,2
"Çanakkale","Marmara",270.358987314936,5.85,7.5,19.75,0.0610208119854422,2.47341083353945e-05,316.333333333333,0.333391399597187,53.5,6.2,50.225,2.29673863114378e-05,1.76672202395675e-06,15,2.16423447934702e-05,1.63421787215999e-05,2.5
"Çankırı","İç Anadolu",227.148611856814,8.125,10.5,16.5,0.0354310576252715,4.50760884372821e-05,239,1.83761389225012,50.725,6.075,47.675,6.51099055205186e-05,5.00845427080913e-06,17.5,2.00338170832365e-05,1.12690221093205e-05,1.5
"Çorum","Karadeniz",171.612609974928,6.975,9.01666666666667,17.25,0.047540012398423,3.05379877298365e-05,323,4.92956565820052,49.525,7.375,45.9,3.72181725457383e-05,5.72587269934435e-06,16,2.05177105059839e-05,3.34009240795087e-06,2
"İstanbul","Marmara",440.249163934308,6.975,8.6,29.25,0.0717166391306768,1.47253825524411e-05,293.166666666667,7.29304980964471,57.025,9.225,51.725,4.5808778876808e-06,9.8274888939865e-07,21.75,4.46992236790999e-05,1.26806308309503e-05,3
"İzmir","Ege",314.601738783947,8.05,9.23333333333333,25.25,0.0619332695038546,1.41964177005497e-05,293.833333333333,3.08963363271305,55.125,11.5,48.8,9.38975658933993e-06,2.23565633079522e-06,16.25,3.2305233979991e-05,1.34139379847713e-05,3.25
"Şanlıurfa","Güneydoğu Anadolu",107.688974886224,16.75,20,30.75,0.0270922654616836,9.06565793695179e-06,193.833333333333,0.153641144452284,45.4,8.95,41.35,5.43939476217108e-06,6.79924345271385e-07,25.75,1.08787895243422e-05,2.37973520844985e-06,1
"Şırnak","Güneydoğu Anadolu",156.557681319387,12.35,15.95,22,0.0172508211763296,1.24138522985666e-05,132,1.338397357481,42.4,13.1,36.925,1.24138522985666e-05,1.33005560341785e-06,20,1.41872597697904e-05,3.10346307464166e-06,1
