"il","bolge","bebek_olum_hizi_norm","cocuk_olum_hizi_norm","hastane_sayisi_norm","hastane_yatak_sayisi_norm","toplam_hekim_sayisi_norm","derslik_basina_ogrenci_norm","ogretmen_basina_ogrenci_norm","muze_sayisi_norm","kutuphane_sayisi_norm","sinema_sayisi_norm","tiyatro_sayisi_norm","GSYH_norm","isgucune_katilma_orani_norm","issizlik_orani_norm","istihdam_orani_norm","girisim_sayisi_norm","ihracat_norm","saglik_skoru","egitim_skoru","kultur_skoru","ekonomi_skoru","yasanabilirlik_endeksi"
"Adana","Akdeniz",0.485232067510549,0.667298578199052,0.0822230221561745,0.486770264594708,0.384615384615385,0.189189189189189,0.509803921568627,0.089859583340295,0.0539640915868338,0.191377943555157,0.207121473769315,0.314661140815031,0.552780930760499,0.476117103235747,0.424307036247335,0.47720847520729,0.172771831248245,0.5159,0.353,0.1376,0.4132,0.3927
"Adıyaman","Güneydoğu Anadolu",0.261603375527426,0,0.162320098367679,0.186896262074758,0.307692307692308,0.567567567567568,0.705882352941177,0.101388741542259,0.157366656958282,0.311357408198415,0,0.153713598804819,0.461975028376844,0.494607087827427,0.356076759061833,0.283373468042404,0.0131602395209464,0.1563,0.643,0.1476,0.2712,0.3252
"Afyonkarahisar","Ege",0.755274261603376,0.798104265402844,0.333650967978209,0.454430911381772,0.307692307692308,0.797297297297297,0.92156862745098,0.0839560393786086,0.194849512453104,0.371335533985598,0.164162446171331,0.235012334617816,0.64472190692395,0.855161787365177,0.640724946695096,0.494436936546093,0.0672827641894247,0.6803,0.8679,0.2346,0.5259,0.6901
"Aksaray","İç Anadolu",0.656118143459916,0.755450236966825,0.246517892477019,0.267114657706846,0.153846153846154,0.72972972972973,0.764705882352941,0.144148414799302,0.12487932391942,0.254082133270143,0.0889037731021046,0.345667460497976,0.509648127128263,0.844375963020031,0.518123667377399,0.505653440057697,0.0537727248019499,0.5077,0.7546,0.1625,0.4912,0.5587
"Amasya","Karadeniz",0.757383966244726,0.799052132701422,0.201873727852662,0.313733725325493,0.230769230769231,0.837837837837838,0.96078431372549,0.370399123073108,0.181613806754057,0.327174251459617,0.333234594421442,0.237155362375295,0.629965947786606,0.828967642526965,0.618336886993603,0.500424543744807,0.0637479121473704,0.5754,0.9082,0.3764,0.5131,0.7117
"Ankara","İç Anadolu",0.782700421940928,0.867298578199052,0.0895409376648276,0.632087358252835,1,0.527027027027027,0.705882352941177,0.0783152986102086,0.0803350261749969,0.686845335895818,0.280008495480128,0.910508780418486,0.671963677639046,0.642526964560863,0.584221748400853,0.679318009024467,0.308761429205062,0.899,0.6226,0.3455,0.7123,0.7807
"Antalya","Akdeniz",0.848101265822785,0.909004739336493,0.133939307136781,0.414951700965981,0.461538461538462,0.472972972972973,0.686274509803922,0.244480450596922,0.0235379512462359,0.629002198073431,0.234915232836946,0.558326973036027,0.891032917139614,0.838212634822804,0.849680170575693,0.906329069799175,0.112593757267023,0.7161,0.5854,0.3478,0.7902,0.7339
"Ardahan","Doğu Anadolu",0.818565400843882,0.813270142180095,0.517915657859726,0.236035279294414,0.307692307692308,1,0.980392156862745,0,0.626125448593167,0.0491107824786487,0.622197754826365,0.286502399662602,1,0.967642526964561,1,0.290509526194031,0.00674500649138147,0.6937,1,0.4067,0.659,0.841
"Artvin","Karadeniz",0.981012658227848,1,0.625985106388645,0.20117597648047,0.307692307692308,0.851351351351351,0.901960784313726,0.278048444016304,0.502894859754896,0.165781673509722,0.290375251994329,0.364478814556654,0.844494892167991,0.75808936825886,0.778251599147121,0.659799797052782,0.0537946779117096,0.8216,0.8853,0.3852,0.639,0.8315
"Aydın","Ege",0.867088607594937,0.909004739336493,0.199154826731826,0.428811423771525,0.307692307692308,0.594594594594595,0.882352941176471,0.285490945731114,0.143104955895665,0.369243829844604,0.216147279112034,0.295728486444028,0.620885357548241,0.688751926040062,0.559701492537313,0.717856428427672,0.138597390305645,0.6992,0.7458,0.3057,0.5441,0.6855
"Ağrı","Doğu Anadolu",0.415611814345992,0.588625592417062,0.166674306144046,0.108777824443511,0,0.756756756756757,0.705882352941177,0.0929216982596724,0.136424215206722,0.22939483893774,0.132460756946727,0.000379071796045315,0.393870601589103,0.463790446841294,0.289978678038379,0.035469094526111,0.00657762609943986,0.2657,0.7386,0.1551,0.147,0.3547
"Balıkesir","Marmara",0.852320675105485,0.913744075829384,0.174877835539064,0.345653086938261,0.307692307692308,0.689189189189189,0.882352941176471,0.148725421501113,0.156932212888451,0.48000330700735,0.334552189040361,0.41364578413903,0.589103291713961,0.901386748844376,0.609808102345416,0.624776281542129,0.108831033407057,0.6637,0.7936,0.3436,0.5931,0.7187
"Bartın","Karadeniz",0.559071729957806,0.827488151658768,0.151410329579766,0.24947501049979,0.0769230769230769,0.905405405405405,0.901960784313726,0.306550398858121,0.154758497940459,0.306759215277384,0.41653867161945,0.195152456908812,0.721906923950057,0.798151001540832,0.686567164179104,0.433573374267757,0.0711803078695132,0.4427,0.9126,0.3665,0.5192,0.6675
"Batman","Güneydoğu Anadolu",0.514767932489451,0.615165876777251,0.15671893569233,0.367912641747165,0,0.378378378378378,0.490196078431373,0.1949801700314,0.125364714638966,0.517205140986931,0.079009707217227,0.0725374323692935,0.20544835414302,0.474576271186441,0.140724946695096,0.110121631705027,0.0375510945701378,0.3792,0.4386,0.271,0.1147,0.3203
"Bayburt","Karadeniz",0.915611814345992,0.853080568720379,0.240547824151642,0.389332213355733,0.307692307692308,0.891891891891892,0.96078431372549,0.745354895908895,0.352088552739317,0.600459522759454,0.248566223520476,0.18895976619225,0.601589103291714,0.828967642526965,0.59275053304904,0.333306019118182,0,0.6976,0.9355,0.638,0.4409,0.8251
"Bilecik","Marmara",1,0.951658767772512,0.426278590202097,0.288534229315414,0.230769230769231,0.689189189189189,0.686274509803922,0.550384007772055,0.247558321778392,0.190244553005276,0.0843259114696284,0.565713256697242,0.717366628830874,0.838212634822804,0.700426439232409,0.400435050542233,0.0815227338768894,0.7554,0.6945,0.3266,0.6053,0.7146
"Bingöl","Doğu Anadolu",0.419831223628692,0.643601895734597,0.285908954101832,0.309533809323814,0,0.567567567567568,0.725490196078431,0.110954352395162,0.208727961317816,0.530983775599568,0.34994740385177,0.119671663592002,0.337116912599319,0.751926040061633,0.339019189765458,0.171342415291597,0.00231468771056902,0.3805,0.6529,0.3722,0.2622,0.4757
"Bitlis","Doğu Anadolu",0.29746835443038,0.499526066350711,0.218987292788138,0.406551868962621,0,0.837837837837838,0.784313725490196,0.352048405508097,0.184780602984451,0.0909227415260859,0.336636854529143,0.0515721179975184,0.4211123723042,0.608628659476117,0.35820895522388,0.178371461604448,0.00333528301749712,0.3089,0.8191,0.2881,0.2405,0.4719
"Bolu","Karadeniz",0.873417721518987,0.914691943127962,0.409156642861438,0.811423771524569,0.615384615384615,0.716216216216216,0.764705882352941,0.291273702159511,0.240777348798924,0.740782922052498,0.214304289105719,0.577169799721268,0.816118047673099,0.793528505392912,0.76865671641791,0.46272947794613,0.0744486128025635,0.9755,0.7478,0.4743,0.6463,0.8692
"Burdur","Akdeniz",0.772151898734177,0.882464454976303,0.327987192995013,0.375892482150357,0.230769230769231,0.756756756756757,0.96078431372549,0.456339136107702,0.451205986378104,0.381474079978104,0.519565108914384,0.330449842085189,0.691259931895573,0.967642526964561,0.724946695095949,0.700353367849486,0.128601693027298,0.6622,0.8673,0.5889,0.6573,0.8464
"Bursa","Marmara",0.839662447257384,0.920379146919431,0.0710260378806297,0.335573288534229,0.307692307692308,0.202702702702703,0.490196078431373,0.156635969775458,0.0122328814036024,0.505338965183515,0.159184953383048,0.534843943398362,0.733257661748014,0.73959938366718,0.673773987206823,0.640286744499265,0.505807636642105,0.6274,0.3499,0.2414,0.7189,0.5659
"Denizli","Ege",0.765822784810127,0.860663507109005,0.216084316907976,0.443931121377572,0.384615384615385,0.675675675675676,0.764705882352941,0.133763303544687,0.20256213615428,0.408327241334778,0.313552822982913,0.369990395717014,0.745743473325766,0.852080123266564,0.729211087420042,0.757600246118253,0.576013454795645,0.6869,0.7273,0.3215,0.7629,0.7537
"Diyarbakır","Güneydoğu Anadolu",0.512658227848101,0.660663507109005,0.103814795370172,0.353632927341453,0.307692307692308,0.108108108108108,0.490196078431373,0.172751253622633,0.0522215546345907,0.342024951644909,0.108887226724622,0.0684030297041839,0.145289443813848,0.582434514637905,0.124733475479744,0.129173900093589,0.0269736777273934,0.4651,0.3021,0.1852,0.1225,0.2773
"Düzce","Karadeniz",0.708860759493671,0.785781990521327,0.212792053352753,0.21587568248635,0.307692307692308,0.702702702702703,0.803921568627451,0.153831476297226,0.180869254822525,0.531748910094543,0.238968594752794,0.406351274106053,0.860385925085131,0.761171032357473,0.791044776119403,0.513232330692897,0.117432392072127,0.5537,0.7608,0.3383,0.6369,0.6838
"Edirne","Marmara",0.845991561181435,0.939336492890995,0.302998409002329,0.847543049139017,0.769230769230769,0.797297297297297,0.96078431372549,0.451231255623851,0.206805448961564,1,0.49610327367653,0.365180217848511,0.783200908059024,0.838212634822804,0.756929637526652,0.664453631474805,0.0325665205651572,1,0.8877,0.712,0.635,1
"Elazığ","Doğu Anadolu",0.569620253164557,0.690995260663507,0.207806164837998,1,0.384615384615385,0.513513513513513,0.686274509803922,0.105030874043589,0.156063555742662,0.0952358045939492,0.245024480805961,0.239031610622205,0.298524404086266,0.812018489984592,0.323027718550106,0.40262804579658,0.0680672602576364,0.742,0.6058,0.1587,0.3537,0.5401
"Erzincan","Doğu Anadolu",0.877637130801688,0.920379146919431,0.535189149531265,0.359932801343973,0.307692307692308,0.810810810810811,0.862745098039216,0.261835702930539,0.546389159849435,0.330891542594671,0.171126327263832,0.362176542743609,0.467650397275823,0.719568567026194,0.43816631130064,0.366780429347459,0.0179837383899273,0.7868,0.8451,0.4113,0.4034,0.7362
"Erzurum","Doğu Anadolu",0.611814345991561,0.703317535545024,0.301534574353548,0.888702225955481,0.461538461538462,0.797297297297297,0.784313725490196,0.315387337562812,0.268113117926967,0.683938143231217,0.233023243609521,0.179459278755092,0.541430192962542,0.845916795069337,0.547974413646055,0.248662869581128,0.00569785132514346,0.7765,0.7986,0.4791,0.4027,0.7397
"Eskişehir","İç Anadolu",0.957805907172996,0.975355450236967,0.120697937951726,0.679546409071819,0.538461538461538,0.418918918918919,0.823529411764706,0.0688014634605327,0.088676614192257,0.710507638695889,0.284615481080763,0.538893408040171,0.629965947786606,0.776579352850539,0.599147121535181,0.52409905614212,0.22055835955709,0.8688,0.6274,0.3551,0.6022,0.7386
"Gaziantep","Güneydoğu Anadolu",0.00421940928270048,0.250236966824644,0.102473756191264,0.527929441411172,0.307692307692308,0,0.176470588235294,0.0795866221727027,0.0169306036401101,0.232105065351091,0.0825513921450749,0.303398846842657,0.47900113507378,0.691833590138675,0.43816631130064,0.424420765236198,0.622305338537969,0.2393,0.0891,0.0909,0.5306,0.2355
"Giresun","Karadeniz",0.845991561181435,0.949763033175355,0.501423763414585,0.655186896262075,0.307692307692308,0.783783783783784,0.843137254901961,0.138285033715614,0.345987104153832,0.372426494909799,0.149216123401592,0.163811606271722,0.791146424517594,0.830508474576271,0.759061833688699,0.444209086768768,0.134945378730512,0.8653,0.8215,0.3029,0.5663,0.7728
"Gümüşhane","Karadeniz",0.586497890295359,0.7260663507109,0.531295714378281,0.296934061318774,0.307692307692308,0.986486486486487,0.941176470588235,0.433909354618796,0.596693776176893,0.202530073055116,0.442922061190393,0.146967794076034,0.52099886492622,0.602465331278891,0.44136460554371,0.284099020743244,0.0684575711454432,0.6195,0.9734,0.5417,0.3366,0.7445
"Hakkari","Doğu Anadolu",0.276371308016878,0.442654028436019,0.143815255890819,0.0768584628307434,0.0769230769230769,0.5,0.686274509803922,0,0.100352660611162,0.0153159788894581,0.0403832677716539,0.156100715676733,0.245175936435868,0,0.0181236673773986,0.0519497870192753,0.0407800134738297,0.186,0.599,0,0,0.1803
"Hatay","Akdeniz",0.310126582278481,0.1260663507109,0.0885843054806548,0.360352792944141,0.307692307692308,0.391891891891892,0.666666666666667,0.146631790059856,0.100838422820343,0.237285058652699,0.202189698462623,0.280497796646919,0.432463110102157,0.485362095531587,0.331556503198294,0.407621834803282,0.291303117504658,0.2394,0.5345,0.1892,0.3722,0.3644
"Isparta","Akdeniz",0.721518987341772,0.845497630331754,0.403036807132337,0.862242755144897,0.615384615384615,0.783783783783784,0.96078431372549,0.422517079568482,0.649479997754335,0.718149574740093,0.217788434585327,0.309366320833929,0.65266742338252,0.836671802773498,0.640724946695096,0.561592757951924,0.0907262272531104,0.9221,0.8809,0.6599,0.5593,0.9289
"Iğdır","Doğu Anadolu",0.440928270042194,0.616113744075829,0.170580929888864,0.0613187736245275,0,0.72972972972973,0.862745098039216,0.305733363541514,0.141610634739926,0.0835162697590404,0.201795551055735,0.123575521400841,0.627695800227015,0.489984591679507,0.491471215351812,0.164096794512904,0.0534041906830346,0.2685,0.8041,0.2055,0.3118,0.4496
"Kahramanmaraş","Akdeniz",0.320675105485232,0.158293838862559,0.101264573431813,0.325073498530029,0.307692307692308,0.324324324324324,0.588235294117647,0.109445353814612,0.0833748829156598,0.125206834920644,0.051914331542093,0.252382107267408,0.431328036322361,0.491525423728814,0.332622601279318,0.319441440435134,0.146396203097102,0.2455,0.4608,0.0762,0.3169,0.2855
"Karabük","Karadeniz",0.69620253164557,0.940284360189573,0.243289936047201,0.414951700965981,0.307692307692308,0.662162162162162,0.862745098039216,0.187650545604725,0.25171660656196,0.968869404037853,0.279533145990724,0.301211480697007,0.45516458569807,0.600924499229584,0.389125799573561,0.529778071868418,0.169955495487595,0.6661,0.77,0.5458,0.4194,0.7211
"Karaman","İç Anadolu",0.776371308016878,0.879620853080569,0.227674445415093,0.267534649307014,0.307692307692308,0.824324324324324,0.862745098039216,0.420420283897547,0.239803891058546,0.229618711633568,0.491727469367491,0.446443020790293,0.656072644721907,0.827426810477658,0.640724946695096,0.501941443700542,0.162982131454554,0.6227,0.8519,0.4367,0.5905,0.7548
"Kars","Doğu Anadolu",0.417721518987342,0.587677725118483,0.328849522395835,0.382192356152877,0.307692307692308,0.918918918918919,0.941176470588235,0.457164209920234,0.272995725209661,0,0.307593136893944,0.144409844563703,0.772985244040863,0.822804314329738,0.739872068230277,0.188719115240136,0.000953889945451996,0.4911,0.9393,0.3142,0.4678,0.6579
"Kastamonu","Karadeniz",0.841772151898734,0.93175355450237,0.713731929772598,0.441831163376732,0.307692307692308,0.77027027027027,0.843137254901961,0.330167350791916,0.463095283436899,0.730329022701225,0.622543030851341,0.327994774927939,0.771850170261067,1,0.808102345415778,0.529124949805211,0.111748802164986,0.8582,0.8147,0.7092,0.6585,0.935
"Kayseri","İç Anadolu",0.531645569620253,0.669194312796209,0.157717073770699,0.50944981100378,0.384615384615385,0.391891891891892,0.607843137254902,0.130411231171744,0.146097810973882,0.402112953054127,0.185603785997,0.372000508387745,0.476730987514188,0.755007704160246,0.460554371002132,0.532067104930317,0.31202270844795,0.5602,0.5048,0.2524,0.5196,0.5323
"Kilis","Güneydoğu Anadolu",0.322784810126582,0.509004739336493,0.0663820465732755,0.376732465350693,0.307692307692308,0.216216216216216,0.411764705882353,0.515090573584648,0.190399269014428,0.309672123009081,0.228107061807406,0.259082997848751,0.565266742338252,0.657935285053929,0.5,0.393110983815015,0.0830919883350351,0.3574,0.3171,0.3874,0.422,0.4142
"Kocaeli","Marmara",0.776371308016878,0.861611374407583,0.0797587082081059,0.28727425451491,0.307692307692308,0.432432432432432,0.549019607843137,0.104741525729025,0.0228280079411851,0.496283929663955,0.30878324067382,1,0.851305334846765,0.711864406779661,0.76545842217484,0.513869333767974,0.85240854369865,0.5784,0.4956,0.2767,0.907,0.6731
"Konya","İç Anadolu",0.706751054852321,0.809478672985782,0.181308595318257,0.611507769844603,0.384615384615385,0.445945945945946,0.607843137254902,0.26503020911663,0.128482212813504,0.280197939387153,0.181271173679665,0.342515405813527,0.568671963677639,0.853620955315871,0.574626865671641,0.583633000101483,0.197596627088827,0.6938,0.5321,0.2491,0.5656,0.6004
"Kütahya","Ege",0.793248945147679,0.898578199052133,0.258022428502127,0.543889122217556,0.307692307692308,0.783783783783784,0.92156862745098,0.327913338485301,0.290566102767427,0.291874792651795,0.204564009786659,0.331183262178882,0.569807037457435,0.86286594761171,0.578891257995735,0.464776198867682,0.0715970100957928,0.7264,0.8611,0.3417,0.5132,0.7349
"Kırklareli","Marmara",0.917721518987342,0.958293838862559,0.290023028428883,0.347333053338933,0.307692307692308,0.756756756756757,0.784313725490196,0.168006061473947,0.278129949520338,0.560909619690397,0.262075860092539,0.562541693287661,0.662883087400681,0.807395993836672,0.638592750533049,0.604487784431502,0.115098809732402,0.7323,0.7782,0.3966,0.6242,0.7646
"Kırıkkale","İç Anadolu",0.80168776371308,0.861611374407583,0.260459549680895,0.791684166316674,0.384615384615385,0.77027027027027,0.862745098039216,0,0.441753681616126,0.438400343294108,0.0924540817475957,0.397511469487401,0.330306469920545,0.568567026194145,0.272921108742004,0.38397026000412,0.0115404892216007,0.8168,0.8246,0.291,0.315,0.6696
"Kırşehir","İç Anadolu",0.554852320675105,0.636018957345971,0.254433038148875,0.240655186896262,0.307692307692308,0.743243243243243,0.941176470588235,0.578944159611773,0.37694559276926,0.39914179229483,0.197924947719325,0.27702594706888,0.305334846765039,0.651771956856703,0.280383795309168,0.418824048645664,0.178120207486008,0.4818,0.8505,0.4978,0.3468,0.646
"Malatya","Doğu Anadolu",0.630801687763713,0.662559241706161,0.259657792397793,0.714405711885762,0.384615384615385,0.581081081081081,0.843137254901961,0.243716446763619,0.22720965074832,0.233662768080589,0.281442332216178,0.227070831346022,0.457434733257662,0.865947611710324,0.480810234541577,0.370095821543798,0.0705995205133626,0.6812,0.7192,0.2958,0.425,0.6273
"Manisa","Ege",0.687763713080169,0.783886255924171,0.169440533282824,0.4947501049979,0.307692307692308,0.540540540540541,0.784313725490196,0.0855136100999085,0.102362764926564,0.553240174534879,0.13257619414515,0.445169876593726,0.757094211123723,0.892141756548536,0.753731343283582,0.548816260216434,0.308305697382934,0.618,0.669,0.2557,0.6924,0.6655
"Mardin","Güneydoğu Anadolu",0.381856540084388,0.504265402843602,0.0740120432933996,0.120117597648047,0,0.337837837837838,0.450980392156863,0.0888902433839075,0.066856241710609,0.301729487008521,0.145522737523725,0.136046725400492,0.163450624290579,0.503852080123267,0.115138592750533,0.150301142787663,0.15433061948976,0.2053,0.3983,0.1593,0.1542,0.2245
"Mersin","Akdeniz",0.732067510548523,0.78957345971564,0.0786200441669826,0.338093238135237,0.307692307692308,0.22972972972973,0.647058823529412,0.260480602377237,0.0773607852632747,0.35969690382328,0.227050052437938,0.445949126963064,0.545970488081725,0.819722650231125,0.541577825159914,0.562761432424738,0.212948586765794,0.5582,0.4427,0.2739,0.5674,0.5341
"Muğla","Ege",0.831223628691983,0.913744075829384,0.206391835489378,0.241915161696766,0.307692307692308,0.648648648648649,0.901960784313726,0.473039464588087,0.0890397823519018,0.68960599610861,0.33934007497404,0.520693214468987,0.719636776390465,0.841294298921417,0.700426439232409,1,0.137805190942368,0.6354,0.783,0.5114,0.7389,0.8106
"Muş","Doğu Anadolu",0.229957805907173,0.42654028436019,0.140649794133505,0.145317093658127,0,0.702702702702703,0.686274509803922,0.316680406317654,0.16144283799048,0.088291892099195,0.338506031785002,0.0598001518296379,0.393870601589103,0.517719568567026,0.309168443496802,0.0649373234312448,0.0378216404459356,0.1636,0.7014,0.2669,0.1889,0.3595
"Nevşehir","İç Anadolu",0.447257383966245,0.591469194312796,0.386683958513842,0.324653506929861,0.153846153846154,0.837837837837838,0.901960784313726,1,1,0.764469848395177,0.197789920525823,0.273656760045257,0.614074914869467,0.87211093990755,0.62046908315565,0.708834138424331,0.0429141153388038,0.4547,0.8785,1,0.5681,0.8884
"Niğde","İç Anadolu",0.449367088607595,0.608530805687204,0.205650406332347,0.299034019319614,0.0769230769230769,0.810810810810811,0.803921568627451,0.169643859149337,0.379252397435517,0.221498855234328,0.0869625437997322,0.261110315675985,0.52099886492622,0.7442218798151,0.492537313432836,0.453408743392645,0.0279492738146057,0.3746,0.8154,0.2499,0.4311,0.5437
"Ordu","Karadeniz",0.820675105485232,0.925118483412322,0.236277801016326,0.417471650566989,0.307692307692308,0.621621621621622,0.823529411764706,0.0819093121037028,0.290281447264495,0.414666537718201,0.312475713021479,0.146229391253317,0.720771850170261,0.838212634822804,0.699360341151386,0.442416690758322,0.0637072437778153,0.6979,0.7297,0.3361,0.5201,0.6818
"Osmaniye","Akdeniz",0.580168776371308,0.646445497630332,0.144949472118454,0.331793364132717,0,0.432432432432432,0.705882352941177,0.168725563604479,0.100925528162572,0.195494592461377,0.119172510268949,0.222742477037701,0.393870601589103,0.457627118644068,0.291044776119403,0.365066728700017,0.0618084263336719,0.3939,0.5748,0.1526,0.2776,0.3857
"Rize","Karadeniz",0.829113924050633,0.875829383886256,0.372176957797714,0.483830323393532,0.384615384615385,0.851351351351351,0.862745098039216,0.362632546531127,0.431049646903707,0.925692767293925,0.347112594290976,0.246279458581947,0.81044267877412,0.764252696456086,0.750533049040511,0.520236497781013,0.084862632986973,0.77,0.8655,0.6808,0.5777,0.886
"Sakarya","Marmara",0.848101265822785,0.910900473933649,0.128719470984072,0.210415791684166,0.307692307692308,0.527027027027027,0.725490196078431,0.0574444244897094,0.099361490581934,0.526520758464348,0.202240523310278,0.447496060835968,0.832009080590239,0.75808936825886,0.766524520255863,0.549806897796521,0.716568901056806,0.6066,0.6325,0.26,0.7716,0.6774
"Samsun","Karadeniz",0.732067510548523,0.801895734597156,0.155006828333856,0.630407391852163,0.461538461538462,0.716216216216216,0.862745098039216,0.136862172517555,0.0917063131184272,0.378032423556502,0.0944375684769975,0.264045000733745,0.687854710556186,0.781201848998459,0.65138592750533,0.495751413542494,0.127830714467374,0.7202,0.7973,0.1942,0.5412,0.6715
"Siirt","Güneydoğu Anadolu",0.234177215189873,0.412322274881517,0.242366725921445,0.266694666106678,0,0.567567567567568,0.627450980392157,0.140406662598056,0.17637912337745,0.549050065649113,0.05359108445864,0.112332888212462,0,0.563944530046225,0,0.0439652761949141,0.020073358576927,0.2281,0.6034,0.272,0.0495,0.3034
"Sinop","Karadeniz",0.748945147679325,0.881516587677725,0.3637193705852,0.451070978580428,0.307692307692308,0.77027027027027,0.843137254901961,0.91097975623324,0.414875644718589,0.255842968819993,1,0.194975517480045,0.551645856980704,0.921417565485362,0.584221748400853,0.466668418088293,0.0246576713723092,0.7117,0.8147,0.8644,0.4839,0.8795
"Sivas","İç Anadolu",0.60337552742616,0.756398104265403,0.366143550468388,0.78202435951281,0.384615384615385,0.797297297297297,0.843137254901961,0.295708204826929,0.354924162204952,0.458982119317639,0.194791445782524,0.249010955441544,0.527809307604994,0.714946070878274,0.489339019189765,0.348354630050237,0.0225996256226164,0.754,0.8283,0.4092,0.399,0.7175
"Tekirdağ","Marmara",0.79957805907173,0.872985781990521,0.133433705282972,0.364552708945821,0.307692307692308,0.121621621621622,0.490196078431373,0.108076410588066,0.0416230670614638,0.547349887067069,0.283933304926928,0.716149018586639,0.909194097616345,0.824345146379045,0.859275053304904,0.529201188126149,0.247686345968726,0.6285,0.3089,0.294,0.7749,0.589
"Tokat","Karadeniz",0.723628691983122,0.835071090047393,0.257378225905739,0.612347753044939,0.307692307692308,0.702702702702703,0.92156862745098,0.311024574893579,0.196191665187412,0.63609756912929,0.0968431746218599,0.103123007835602,0.627695800227015,0.882896764252696,0.636460554371002,0.382202510792093,0.00808621883507587,0.7066,0.8202,0.3863,0.4615,0.7122
"Trabzon","Karadeniz",0.738396624472574,0.865402843601896,0.291373813064003,0.69802603947921,0.615384615384615,0.675675675675676,0.843137254901961,0.114902067215442,0.186254039228946,0.46810701473461,0.291461429588276,0.226617341469491,0.681044267877412,0.7673343605547,0.640724946695096,0.539980077582008,0.188150178298331,0.8497,0.7669,0.3224,0.549,0.7501
"Tunceli","Doğu Anadolu",0.630801687763713,0.794312796208531,1,0.110457790844183,0.307692307692308,0.864864864864865,0.980392156862745,0.7328791230307,0.798769486771937,0.163285349425864,0.414884125402764,0.415719671120537,0.417707150964813,0.879815100154083,0.452025586353944,0.381974271987772,0.000135316075428083,0.7391,0.9318,0.6962,0.4413,0.8573
"Uşak","Ege",0.529535864978903,0.748815165876777,0.168648117657024,0.470390592188156,0.307692307692308,0.648648648648649,0.980392156862745,0.335320337024549,0.222143763305808,0.47432056929318,0.241989281003241,0.334081730046232,0.654937570942111,0.776579352850539,0.62046908315565,0.636314304322509,0.130334573349981,0.5519,0.8226,0.3983,0.5726,0.7024
"Van","Doğu Anadolu",0.449367088607595,0.575355450236967,0.0700256738833117,0.343973120537589,0.307692307692308,0.432432432432432,0.588235294117647,0.111745301090578,0.0930383176075842,0.124823386963776,0.189877929809259,0,0.287173666288309,0.200308166409861,0.118336886993603,0.110495895738764,0.00255743095509104,0.407,0.5154,0.1295,0.0448,0.2846
"Yalova","Marmara",0.740506329113924,0.82654028436019,0.231481882374923,0.303233935321294,0.307692307692308,0.554054054054054,0.647058823529412,0.208001820550121,0.0639961015453037,0.872667354901817,0.181955486151343,0.527536117077815,0.581157775255391,0.63944530046225,0.507462686567164,0.616477825065782,0.344103037758194,0.6077,0.6065,0.4171,0.5863,0.6597
"Yozgat","İç Anadolu",0.632911392405063,0.749763033175355,0.462076192179298,0.421251574968501,0.307692307692308,0.878378378378378,0.941176470588235,0.150873556268924,0.406698018457335,0.597353516787566,0.0936023120650777,0.169281892934135,0.570942111237231,0.825885978428351,0.567164179104477,0.427779457820158,0.0126968492746392,0.6574,0.9188,0.3893,0.447,0.7249
"Zonguldak","Karadeniz",0.736286919831224,0.861611374407583,0.186175656774626,0.648467030659387,0.307692307692308,0.756756756756757,1,0.213769563152622,0.093536563163207,0.66510715478771,0.274449596972283,0.323754811220818,0.52894438138479,0.610169491525424,0.453091684434968,0.440119256597306,0.128728581344631,0.7079,0.8871,0.3887,0.4277,0.7245
"Çanakkale","Marmara",0.919831223628692,0.957345971563981,0.257447908361465,0.464510709785804,0.461538461538462,0.594594594594595,0.843137254901961,0.111099254443306,0.190735251168715,0.345952951813141,0.466849548460237,0.493516476503747,0.635641316685585,0.899845916795069,0.65138592750533,0.734244988518877,0.0453899458677929,0.8049,0.726,0.3416,0.6392,0.758
"Çankırı","İç Anadolu",0.727848101265823,0.786729857819905,0.591686463929285,0.269634607307854,0.153846153846154,0.77027027027027,0.647058823529412,0.314953641747269,0.627907105714006,0.316534936518102,0.31825894719053,0.368298525241853,0.509648127128263,0.907550077041603,0.542643923240938,0.304974875616028,0.251714140323264,0.6441,0.7157,0.5066,0.5145,0.7143
"Çorum","Karadeniz",0.824894514767933,0.871090047393365,0.352811302474122,0.481310373792524,0.307692307692308,0.72972972972973,0.764705882352941,0.36006806917465,0.338567957036835,0.325384758638657,0.0860239657393275,0.207362539307961,0.45516458569807,0.827426810477658,0.466950959488273,0.508103530523975,0.675816598916189,0.7374,0.7546,0.34,0.57,0.7213
"İstanbul","Marmara",0.824894514767933,0.89478672985782,0.0929947906210579,0.406131877362453,0.615384615384615,0.0810810810810811,0.313725490196078,0.0617995742605005,0,0.767635221504826,0.359604366765561,0.985835731549717,0.795686719636776,0.713405238828968,0.715351812366737,0.913668317934282,1,0.7363,0.1994,0.3681,1,0.6885
"İzmir","Ege",0.734177215189873,0.858767772511848,0.0843033826481477,0.407811843763125,0.692307692307692,0.297297297297297,0.745098039215686,0.140587906968259,0.0498856371129011,0.540964225279359,0.381082621672555,0.621726116859868,0.709421112372304,0.573189522342065,0.590618336886993,0.749551534116579,0.423445360707937,0.7191,0.5264,0.3408,0.6843,0.6774
"Şanlıurfa","Güneydoğu Anadolu",0,0.246445497630332,0,0.155816883662327,0,0,0,0.0427566344977839,0.00890595581904523,0.149100618140753,0.0578955114822387,0.0221203020407068,0.267877412031782,0.730354391371341,0.272921108742004,0.165090990716053,0.0207347989217258,0,0,0.0366,0.2097,0
"Şırnak","Güneydoğu Anadolu",0.371308016877637,0.476777251184834,0.0550140960506894,0,0,0.472972972972973,0.450980392156863,0.0836397485875696,0.0812565554712942,0.209608514687738,0.0790931931254169,0.163735347860205,0.1316685584563,0.474576271186441,0.0842217484008526,0,0.183239928630395,0.1516,0.4666,0.106,0.1139,0.1981
